,bbg_id
0,/bbgid/BBG000V9Z220
1,/bbgid/BBG000C4PLF7
2,/bbgid/BBG000C08FW8
3,/bbgid/BBG000BSYVL6
4,/bbgid/BBG000BKQ254
5,/bbgid/BBG00JM2HN46
6,/bbgid/BBG001LV74X3
7,/bbgid/BBG000BNY197
8,/bbgid/BBG000BC9377
9,/bbgid/BBG000F8D4C9
10,/bbgid/BBG000BKCFC2
11,/bbgid/BBG000DN7P92
12,/bbgid/BBG000CHXVD9
13,/bbgid/BBG000PT6BR8
14,/bbgid/BBG006MC4LP7
15,/bbgid/BBG000VGZPL2
16,/bbgid/BBG000C2BXK4
17,/bbgid/BBG000F31Z34
18,/bbgid/BBG000C3ZNH2
19,/bbgid/BBG000KT0GV3
20,/bbgid/BBG000BBKH66
21,/bbgid/BBG000BJ5HK0
22,/bbgid/BBG000BZC425
23,/bbgid/BBG000BF6VR9
24,/bbgid/BBG000BXWZL8
25,/bbgid/BBG000BRCHB4
26,/bbgid/BBG000CZWZ87
27,/bbgid/BBG000C4PJP1
28,/bbgid/BBG000GPX4X5
29,/bbgid/BBG000M6TR37
30,/bbgid/BBG000VZHLL9
31,/bbgid/BBG000QM53N5
32,/bbgid/BBG000BYMDW4
33,/bbgid/BBG000BCM8B6
34,/bbgid/BBG00G7D6C05
35,/bbgid/BBG000BZCN41
36,/bbgid/BBG000BMBL90
37,/bbgid/BBG000BWLMJ4
38,/bbgid/BBG000K5DS81
39,/bbgid/BBG000D52545
40,/bbgid/BBG001SN4ZP7
41,/bbgid/BBG000BXXT68
42,/bbgid/BBG000BFG2J1
43,/bbgid/BBG000BHJZF5
44,/bbgid/BBG00GTWPCQ0
45,/bbgid/BBG000KBRG25
46,/bbgid/BBG000BFDLV8
47,/bbgid/BBG000BYL295
48,/bbgid/BBG000C55NZ0
49,/bbgid/BBG004S69ZX4
50,/bbgid/BBG000FT9C03
51,/bbgid/BBG000D3FY25
52,/bbgid/BBG000FG1WB3
53,/bbgid/BBG000BTDHV7
54,/bbgid/BBG000BJS6V7
55,/bbgid/BBG000BPNMV3
56,/bbgid/BBG00161BCR0
57,/bbgid/BBG000BLSXG0
58,/bbgid/BBG000G12J78
59,/bbgid/BBG000BPWGR1
60,/bbgid/BBG000BC15S7
61,/bbgid/BBG000MJVCL9
62,/bbgid/BBG000BC3HW4
63,/bbgid/BBG000DHPN63
64,/bbgid/BBG000BJTBJ9
65,/bbgid/BBG000DXNZ36
66,/bbgid/BBG000BL7GB5
67,/bbgid/BBG000BBVDT8
68,/bbgid/BBG000V86JM5
69,/bbgid/BBG005PTVFQ1
70,/bbgid/BBG00HCYW455
71,/bbgid/BBG000GFPVH4
72,/bbgid/BBG000DW4Q75
73,/bbgid/BBG000J6XT05
74,/bbgid/BBG0039G71V4
75,/bbgid/BBG000LZRQ01
76,/bbgid/BBG000FSMWC3
77,/bbgid/BBG0025CGG82
78,/bbgid/BBG000BQZHM9
79,/bbgid/BBG000BMBR33
80,/bbgid/BBG000D9HD17
81,/bbgid/BBG000CPBCL8
82,/bbgid/BBG000CGM9H8
83,/bbgid/BBG000D3MJP5
84,/bbgid/BBG000BNNYW1
85,/bbgid/BBG001NW0TN2
86,/bbgid/BBG00F0SW7N8
87,/bbgid/BBG003PQ6NR2
88,/bbgid/BBG000BCDJV0
89,/bbgid/BBG004T0YC41
90,/bbgid/BBG00CSK7SL6
91,/bbgid/BBG000BBT493
92,/bbgid/BBG000BSBGJ7
93,/bbgid/BBG00B5CBKJ6
94,/bbgid/BBG000QTCPR9
95,/bbgid/BBG000BVY6C4
96,/bbgid/BBG000H38H17
97,/bbgid/BBG00JVRRQF1
98,/bbgid/BBG000PN5CZ1
99,/bbgid/BBG000BLSL58
100,/bbgid/BBG000BW2FF4
101,/bbgid/BBG000BF0K17
102,/bbgid/BBG000BHGZT3
103,/bbgid/BBG000CTV5F0
104,/bbgid/BBG000BHKYH4
105,/bbgid/BBG000GCSWR5
106,/bbgid/BBG000C2LZP3
107,/bbgid/BBG000Q3RGN4
108,/bbgid/BBG000BZDC99
109,/bbgid/BBG000BLKC01
110,/bbgid/BBG0068Q7716
111,/bbgid/BBG000BS6M19
112,/bbgid/BBG000N6WXZ4
113,/bbgid/BBG000BGPTV6
114,/bbgid/BBG000BGS5H1
115,/bbgid/BBG000KF9J02
116,/bbgid/BBG000RMQZS5
117,/bbgid/BBG000BT9DW0
118,/bbgid/BBG000BB5792
119,/bbgid/BBG000BSV7D1
120,/bbgid/BBG000H6K1B0
121,/bbgid/BBG000FZXRC6
122,/bbgid/BBG000C3TTB2
123,/bbgid/BBG001HPC9F4
124,/bbgid/BBG000N4KB80
125,/bbgid/BBG000RG1PM3
126,/bbgid/BBG000R7RDB4
127,/bbgid/BBG000BN1M88
128,/bbgid/BBG0042QNC27
129,/bbgid/BBG000BFTF80
130,/bbgid/BBG0025F8B94
131,/bbgid/BBG000BV06P7
132,/bbgid/BBG000DWY9W2
133,/bbgid/BBG000BZD8P0
134,/bbgid/BBG000BWQFY7
135,/bbgid/BBG000BQ74K1
136,/bbgid/BBG000H3K6B6
137,/bbgid/BBG000BD1HP2
138,/bbgid/BBG000C668L5
139,/bbgid/BBG000BJGW43
140,/bbgid/BBG000BK28N7
141,/bbgid/BBG000FTTNV3
142,/bbgid/BBG000BT41Q8
143,/bbgid/BBG000BLCPY4
144,/bbgid/BBG000BSZYR3
145,/bbgid/BBG000BD9525
146,/bbgid/BBG000D8KTN6
147,/bbgid/BBG000BCY878
148,/bbgid/BBG00GD4KVQ2
149,/bbgid/BBG000BRBQC4
150,/bbgid/BBG000DG8B51
151,/bbgid/BBG000GBB825
152,/bbgid/BBG002WMG9X8
153,/bbgid/BBG005NDTZZ7
154,/bbgid/BBG000LYBQL8
155,/bbgid/BBG000CCCTG5
156,/bbgid/BBG000BF55Z8
157,/bbgid/BBG000BSBQ78
158,/bbgid/BBG000DLWWK0
159,/bbgid/BBG000BHH8K1
160,/bbgid/BBG000FK0T31
161,/bbgid/BBG00H5HHTV3
162,/bbgid/BBG000BLJ4H3
163,/bbgid/BBG000BLDV98
164,/bbgid/BBG000BZG9D8
165,/bbgid/BBG000C2J6S7
166,/bbgid/BBG000KLLSK3
167,/bbgid/BBG000BCLYL9
168,/bbgid/BBG003RY97K2
169,/bbgid/BBG000BCDTG5
170,/bbgid/BBG000H5TNF1
171,/bbgid/BBG000BVXPZ8
172,/bbgid/BBG00BN961G4
173,/bbgid/BBG000BB3X33
174,/bbgid/BBG000CCZXJ8
175,/bbgid/BBG000C035X4
176,/bbgid/BBG000BBC7W8
177,/bbgid/BBG001DFW799
178,/bbgid/BBG000MRCDJ3
179,/bbgid/BBG0038V5TX1
180,/bbgid/BBG006G54GT6
181,/bbgid/BBG000BJQTT2
182,/bbgid/BBG000BJP3K9
183,/bbgid/BBG000CKGBP2
184,/bbgid/BBG00GVR8YQ9
185,/bbgid/BBG000BRD351
186,/bbgid/BBG000KLB4Q1
187,/bbgid/BBG000KDLS30
188,/bbgid/BBG000BD2NY8
189,/bbgid/BBG000BNFJF2
190,/bbgid/BBG000CVQ2M0
191,/bbgid/BBG000FGMKY1
192,/bbgid/BBG000Q4FJD0
193,/bbgid/BBG000P98J57
194,/bbgid/BBG000BYYLS8
195,/bbgid/BBG000LF59X1
196,/bbgid/BBG000BQ8KV2
197,/bbgid/BBG000BKKQ84
198,/bbgid/BBG000PQTMH6
199,/bbgid/BBG000BCMK74
200,/bbgid/BBG000BZDBY3
201,/bbgid/BBG000BF33K1
202,/bbgid/BBG000J0Z3Q5
203,/bbgid/BBG000BXSQ97
204,/bbgid/BBG000RDR0X5
205,/bbgid/BBG000D8YF24
206,/bbgid/BBG000PY5XQ1
207,/bbgid/BBG000DD3510
208,/bbgid/BBG000BB8PG1
209,/bbgid/BBG000QSGFZ0
210,/bbgid/BBG000BKJ092
211,/bbgid/BBG000NC6RS1
212,/bbgid/BBG000BP30Y0
213,/bbgid/BBG000BVNVQ6
214,/bbgid/BBG000BVW716
215,/bbgid/BBG000BSS5C0
216,/bbgid/BBG000BR5458
217,/bbgid/BBG000BPKG12
218,/bbgid/BBG000BHP485
219,/bbgid/BBG000QTT791
220,/bbgid/BBG000BL7HN0
221,/bbgid/BBG000BDBP37
222,/bbgid/BBG000F54FK1
223,/bbgid/BBG000BYZLW2
224,/bbgid/BBG000BCS9D6
225,/bbgid/BBG000G0LND3
226,/bbgid/BBG000BJ03Z0
227,/bbgid/BBG000BVXCB3
228,/bbgid/BBG000CC53X1
229,/bbgid/BBG000BRJL00
230,/bbgid/BBG000BH2VW3
231,/bbgid/BBG000BKWSR6
232,/bbgid/BBG000BYS9T1
233,/bbgid/BBG000J5T078
234,/bbgid/BBG000BY34Q2
235,/bbgid/BBG000BY1L13
236,/bbgid/BBG000BNHFB2
237,/bbgid/BBG000BGKXV2
238,/bbgid/BBG000BMXDR4
239,/bbgid/BBG005544NX3
240,/bbgid/BBG000C6KB14
241,/bbgid/BBG004WQKD07
242,/bbgid/BBG000BP7RH6
243,/bbgid/BBG000WCFV84
244,/bbgid/BBG000M1J270
245,/bbgid/BBG000BVMG26
246,/bbgid/BBG000PJVHN3
247,/bbgid/BBG000BWKGK6
248,/bbgid/BBG000BCJVD7
249,/bbgid/BBG000BKFBD7
250,/bbgid/BBG000J187K0
251,/bbgid/BBG0027Z6X10
252,/bbgid/BBG003T1GM03
253,/bbgid/BBG000JJR613
254,/bbgid/BBG000BX9WL1
255,/bbgid/BBG00HPDM5Z2
256,/bbgid/BBG000BRQJZ9
257,/bbgid/BBG000BB7282
258,/bbgid/BBG000FYLYF4
259,/bbgid/BBG003CNYJ00
260,/bbgid/BBG000F395V1
261,/bbgid/BBG000BLLWV2
262,/bbgid/BBG000RQKCR4
263,/bbgid/BBG000F4J227
264,/bbgid/BBG000DK1F96
265,/bbgid/BBG000D0BPV2
266,/bbgid/BBG000DMM476
267,/bbgid/BBG000BP8Z50
268,/bbgid/BBG000GPQ7M8
269,/bbgid/BBG000TW5Y34
270,/bbgid/BBG000BT0T72
271,/bbgid/BBG000BCFQC3
272,/bbgid/BBG0035TJGV4
273,/bbgid/BBG001D8R5D0
274,/bbgid/BBG000BTTPY9
275,/bbgid/BBG000FJS1S8
276,/bbgid/BBG000FB8PF8
277,/bbgid/BBG000BF1PD2
278,/bbgid/BBG000BS5CM9
279,/bbgid/BBG000BCQZS4
280,/bbgid/BBG003CG3XY1
281,/bbgid/BBG000BFX8X3
282,/bbgid/BBG000PM84L3
283,/bbgid/BBG000DL14H0
284,/bbgid/BBG000BHWHV2
285,/bbgid/BBG000QJ3TG5
286,/bbgid/BBG000FRM7L0
287,/bbgid/BBG000BWQ4C6
288,/bbgid/BBG000JFNL85
289,/bbgid/BBG000BYDP11
290,/bbgid/BBG000SSC5C9
291,/bbgid/BBG000BCZQF8
292,/bbgid/BBG000BVJNG0
293,/bbgid/BBG000KK3464
294,/bbgid/BBG000M44VW8
295,/bbgid/BBG000BJLYV3
296,/bbgid/BBG006F8Q8B4
297,/bbgid/BBG000C037V2
298,/bbgid/BBG00L07HDN5
299,/bbgid/BBG000BFC848
300,/bbgid/BBG000BL3355
301,/bbgid/BBG000C4LDC2
302,/bbgid/BBG000BVXC87
303,/bbgid/BBG00DRGKLZ9
304,/bbgid/BBG000RQBFV2
305,/bbgid/BBG000DJ7KG4
306,/bbgid/BBG000BM2C18
307,/bbgid/BBG000FKX7Z8
308,/bbgid/BBG002B67HB2
309,/bbgid/BBG000JLQGN3
310,/bbgid/BBG000BDTT76
311,/bbgid/BBG000BFNLP4
312,/bbgid/BBG000BND699
313,/bbgid/BBG000BR14K5
314,/bbgid/BBG000QVBSP1
315,/bbgid/BBG000K1D688
316,/bbgid/BBG000BQVV88
317,/bbgid/BBG000R3LBP8
318,/bbgid/BBG000BCZPX0
319,/bbgid/BBG000C6QPN3
320,/bbgid/BBG000K23GS3
321,/bbgid/BBG004HTNXJ1
322,/bbgid/BBG000CQK4L4
323,/bbgid/BBG000BW7X97
324,/bbgid/BBG0076VTFX8
325,/bbgid/BBG000BB9WD8
326,/bbgid/BBG00DR7R3D6
327,/bbgid/BBG000BCWCG1
328,/bbgid/BBG000BMTX31
329,/bbgid/BBG001B4BV87
330,/bbgid/BBG000BLVRT5
331,/bbgid/BBG001QD4318
332,/bbgid/BBG002832GV8
333,/bbgid/BBG000DR5QP5
334,/bbgid/BBG000BN4PM2
335,/bbgid/BBG000FBWYH0
336,/bbgid/BBG000C5Z1S3
337,/bbgid/BBG000BVJNQ9
338,/bbgid/BBG003BVVDX3
339,/bbgid/BBG000BY18P6
340,/bbgid/BBG000CD8598
341,/bbgid/BBG000BSBBP1
342,/bbgid/BBG000DW4LB1
343,/bbgid/BBG000JVJ8N7
344,/bbgid/BBG000C95Z30
345,/bbgid/BBG000BD53V2
346,/bbgid/BBG000BZV772
347,/bbgid/BBG000BD6VS3
348,/bbgid/BBG001R72SR9
349,/bbgid/BBG004DFMB77
350,/bbgid/BBG000J6RG64
351,/bbgid/BBG000BF4DG3
352,/bbgid/BBG007FH8JX4
353,/bbgid/BBG000GQ7F85
354,/bbgid/BBG000CZQDZ3
355,/bbgid/BBG000N57QL4
356,/bbgid/BBG000BNFKK3
357,/bbgid/BBG000BC2KW8
358,/bbgid/BBG000BV5R85
359,/bbgid/BBG000D93RD8
360,/bbgid/BBG000BJP882
361,/bbgid/BBG000BGH994
362,/bbgid/BBG000BNCR58
363,/bbgid/BBG000BX74M4
364,/bbgid/BBG000HGMB97
365,/bbgid/BBG000G8ZKY4
366,/bbgid/BBG000BLT2T3
367,/bbgid/BBG000BC4782
368,/bbgid/BBG000C5QMB5
369,/bbgid/BBG000BRF5Z1
370,/bbgid/BBG000BY00V7
371,/bbgid/BBG000BWJFZ4
372,/bbgid/BBG000BT0093
373,/bbgid/BBG000BB72K8
374,/bbgid/BBG000FKJRC5
375,/bbgid/BBG000QYTCN3
376,/bbgid/BBG000MMTLT7
377,/bbgid/BBG000D6HL06
378,/bbgid/BBG00FX58Q66
379,/bbgid/BBG000BFLXV3
380,/bbgid/BBG000BMZ7R5
381,/bbgid/BBG005CPNTQ2
382,/bbgid/BBG000BCBSC3
383,/bbgid/BBG000CB4BH4
384,/bbgid/BBG000DHJ6M9
385,/bbgid/BBG000G9VW52
386,/bbgid/BBG000BM5BR9
387,/bbgid/BBG000BGTHY5
388,/bbgid/BBG000BJ6X42
389,/bbgid/BBG001MB8553
390,/bbgid/BBG000BGKHZ3
391,/bbgid/BBG000BXW4H2
392,/bbgid/BBG000BXSXH3
393,/bbgid/BBG000BS21R1
394,/bbgid/BBG000BFK8Y6
395,/bbgid/BBG000BVSVK7
396,/bbgid/BBG000J31X35
397,/bbgid/BBG000BQ4Q61
398,/bbgid/BBG00D8JD9Z9
399,/bbgid/BBG000BCT6M1
400,/bbgid/BBG007NLG4L3
401,/bbgid/BBG000BXNCF6
402,/bbgid/BBG000P23KW4
403,/bbgid/BBG000BZFRD9
404,/bbgid/BBG000BQKHW4
405,/bbgid/BBG000BZX1N5
406,/bbgid/BBG000PXNF64
407,/bbgid/BBG000PV2L86
408,/bbgid/BBG000PLLP24
409,/bbgid/BBG000H3TTM5
410,/bbgid/BBG000HDFXM9
411,/bbgid/BBG000BCCJW0
412,/bbgid/BBG000CC0V00
413,/bbgid/BBG000BGVW60
414,/bbgid/BBG000MDCQC2
415,/bbgid/BBG000R96T91
416,/bbgid/BBG000BHFHP8
417,/bbgid/BBG000BMJ9R9
418,/bbgid/BBG000BBK401
419,/bbgid/BBG000BKDWB5
420,/bbgid/BBG000JWD753
421,/bbgid/BBG000JNWST0
422,/bbgid/BBG000BT4C39
423,/bbgid/BBG000BSRM98
424,/bbgid/BBG000G3C0J1
425,/bbgid/BBG000BCQJT9
426,/bbgid/BBG000BB6WG8
427,/bbgid/BBG000NWDQM7
428,/bbgid/BBG003MSMCS6
429,/bbgid/BBG000LZ8562
430,/bbgid/BBG002N8HMW0
431,/bbgid/BBG000C65XB2
432,/bbgid/BBG000BB94N9
433,/bbgid/BBG000C34WJ4
434,/bbgid/BBG000H21KT9
435,/bbgid/BBG000BGJRC8
436,/bbgid/BBG000BWCKB6
437,/bbgid/BBG000QPBQK3
438,/bbgid/BBG000BX0BJ9
439,/bbgid/BBG000BBQZV2
440,/bbgid/BBG000BWMX63
441,/bbgid/BBG000RNPD67
442,/bbgid/BBG00F2YLPY3
443,/bbgid/BBG000BX8DC4
444,/bbgid/BBG000BBKRW5
445,/bbgid/BBG00HS2GVL8
446,/bbgid/BBG000BSDM66
447,/bbgid/BBG000TJHTJ4
448,/bbgid/BBG000D6TC94
449,/bbgid/BBG000BF3G77
450,/bbgid/BBG000BHLJW9
451,/bbgid/BBG000C0Y3B9
452,/bbgid/BBG000BL0P40
453,/bbgid/BBG000BL9JQ1
454,/bbgid/BBG000PM8987
455,/bbgid/BBG000HS40V0
456,/bbgid/BBG0014KPS18
457,/bbgid/BBG000F6RX70
458,/bbgid/BBG000BF6756
459,/bbgid/BBG000QP0308
460,/bbgid/BBG000BYD5M2
461,/bbgid/BBG00287L5M2
462,/bbgid/BBG005CHGKM1
463,/bbgid/BBG000BQGX90
464,/bbgid/BBG000BLG1L7
465,/bbgid/BBG000BDMF55
466,/bbgid/BBG000BRD0D8
467,/bbgid/BBG000N7TQF3
468,/bbgid/BBG000M2RGF9
469,/bbgid/BBG000BCWKD6
470,/bbgid/BBG000BCJXW2
471,/bbgid/BBG000BNBPQ0
472,/bbgid/BBG000CQZ1D3
473,/bbgid/BBG000G8N9C6
474,/bbgid/BBG000BH3JF8
475,/bbgid/BBG000JNCBF4
476,/bbgid/BBG000HJMRL2
477,/bbgid/BBG000VC6WR2
478,/bbgid/BBG00HVVB499
479,/bbgid/BBG000BH92D1
480,/bbgid/BBG000CD9DR0
481,/bbgid/BBG000BJL3N0
482,/bbgid/BBG000BKXFN7
483,/bbgid/BBG000JGF9H9
484,/bbgid/BBG000BGTX98
485,/bbgid/BBG000BP2RV5
486,/bbgid/BBG000FT9FR7
487,/bbgid/BBG001CSBBW0
488,/bbgid/BBG006B6PVN9
489,/bbgid/BBG00C7Q12N7
490,/bbgid/BBG000BBWB75
491,/bbgid/BBG000BB0WG4
492,/bbgid/BBG000JG0547
493,/bbgid/BBG000BHB3M6
494,/bbgid/BBG000GB60P3
495,/bbgid/BBG000BKPZC4
496,/bbgid/BBG000CPW683
497,/bbgid/BBG000BMC8K5
498,/bbgid/BBG000BKS4S3
499,/bbgid/BBG000L2M2S2
500,/bbgid/BBG000BRGWN4
501,/bbgid/BBG000Q0BPZ4
502,/bbgid/BBG000QXYCL1
503,/bbgid/BBG004CYX1M0
504,/bbgid/BBG000BRV7G0
505,/bbgid/BBG000BJCC41
506,/bbgid/BBG000BBB8Y5
507,/bbgid/BBG000QK39V9
508,/bbgid/BBG000CWQ765
509,/bbgid/BBG000DXHBN4
510,/bbgid/BBG000F8RCH1
511,/bbgid/BBG000J2VZ02
512,/bbgid/BBG000CH5208
513,/bbgid/BBG000LJWS16
514,/bbgid/BBG000CWSXR3
515,/bbgid/BBG000BQZ7C2
516,/bbgid/BBG000BZ5CQ9
517,/bbgid/BBG000BBXDK5
518,/bbgid/BBG000TBYFR3
519,/bbgid/BBG000BH7CW0
520,/bbgid/BBG000BNN8V9
521,/bbgid/BBG000BWD8Y7
522,/bbgid/BBG000DGPR66
523,/bbgid/BBG0066804L0
524,/bbgid/BBG000BMQ161
525,/bbgid/BBG000HRY441
526,/bbgid/BBG000BJFJ98
527,/bbgid/BBG009L730J7
528,/bbgid/BBG000BHCP19
529,/bbgid/BBG000BLD4K5
530,/bbgid/BBG000BB1LK2
531,/bbgid/BBG000DD3DG7
532,/bbgid/BBG000BJ4SX3
533,/bbgid/BBG000BBTTV3
534,/bbgid/BBG000F90L51
535,/bbgid/BBG000GJGDQ6
536,/bbgid/BBG000QQQ264
537,/bbgid/BBG000BMSWV3
538,/bbgid/BBG000BG7423
539,/bbgid/BBG000C4ZZ10
540,/bbgid/BBG000Q1NMJ4
541,/bbgid/BBG000N5N6Z5
542,/bbgid/BBG000BW6CN8
543,/bbgid/BBG000BCKY12
544,/bbgid/BBG001VGVJF5
545,/bbgid/BBG000TXVLZ6
546,/bbgid/BBG00NKSM4N7
547,/bbgid/BBG000BPW2W6
548,/bbgid/BBG000G2Y250
549,/bbgid/BBG000BTJ6D5
550,/bbgid/BBG000PN8SH3
551,/bbgid/BBG000BVF5C7
552,/bbgid/BBG000KBYJN8
553,/bbgid/BBG000C6CFJ5
554,/bbgid/BBG001DCCGR8
555,/bbgid/BBG000BFK1R9
556,/bbgid/BBG000DCCWG7
557,/bbgid/BBG000BWHD54
558,/bbgid/BBG000KN5J90
559,/bbgid/BBG000C45984
560,/bbgid/BBG000BFXHL6
561,/bbgid/BBG000BXPP29
562,/bbgid/BBG000BMTFR4
563,/bbgid/BBG000CW2GN2
564,/bbgid/BBG000BSD7C2
565,/bbgid/BBG002Q8NXP4
566,/bbgid/BBG000PRJ2Z9
567,/bbgid/BBG000DL84X5
568,/bbgid/BBG000BVQRY3
569,/bbgid/BBG000DCV3T6
570,/bbgid/BBG000BLN9N0
571,/bbgid/BBG000BZZ670
572,/bbgid/BBG000JSF634
573,/bbgid/BBG000BBGGQ1
574,/bbgid/BBG00GBVBK51
575,/bbgid/BBG000H7JYB8
576,/bbgid/BBG000C2YHG9
577,/bbgid/BBG000BS2ZD1
578,/bbgid/BBG00CSG01W9
579,/bbgid/BBG000N7N3S6
580,/bbgid/BBG000QBM0Z3
581,/bbgid/BBG000BZTW70
582,/bbgid/BBG000BXTNB0
583,/bbgid/BBG000BL18V7
584,/bbgid/BBG000Q32RJ2
585,/bbgid/BBG001PG5MK8
586,/bbgid/BBG000JK9W13
587,/bbgid/BBG000BPZVW9
588,/bbgid/BBG0025Y4RY4
589,/bbgid/BBG000BFVXX0
590,/bbgid/BBG000PFLGY2
591,/bbgid/BBG000B9X8C0
592,/bbgid/BBG000GPK708
593,/bbgid/BBG0017T9JH7
594,/bbgid/BBG005RVGZ41
595,/bbgid/BBG000BBJQV0
596,/bbgid/BBG000BR7JQ0
597,/bbgid/BBG000BF8CB6
598,/bbgid/BBG009Q3VCT3
599,/bbgid/BBG000BT2TP0
600,/bbgid/BBG000K1T0M8
601,/bbgid/BBG000BZJQG4
602,/bbgid/BBG000BTQR96
603,/bbgid/BBG000BDLCQ0
604,/bbgid/BBG000DZS2L9
605,/bbgid/BBG000HB83C8
606,/bbgid/BBG000BSL500
607,/bbgid/BBG0014JY842
608,/bbgid/BBG000C29813
609,/bbgid/BBG000BYTHG6
610,/bbgid/BBG000C5HS04
611,/bbgid/BBG000BFRF55
612,/bbgid/BBG000BX3TD3
613,/bbgid/BBG000Q8QBC7
614,/bbgid/BBG000BYQVJ5
615,/bbgid/BBG000BL0V38
616,/bbgid/BBG000BBMNG0
617,/bbgid/BBG000D1JJ55
618,/bbgid/BBG000BXPFN8
619,/bbgid/BBG000BM9Q01
620,/bbgid/BBG000BYL240
621,/bbgid/BBG000D3ZFH8
622,/bbgid/BBG000BRVP70
623,/bbgid/BBG000C337Z2
624,/bbgid/BBG000BKLH74
625,/bbgid/BBG000R3PVY0
626,/bbgid/BBG000PQ4W72
627,/bbgid/BBG000PV27K3
628,/bbgid/BBG000BKLTP8
629,/bbgid/BBG000BHX9P6
630,/bbgid/BBG0084LCMC6
631,/bbgid/BBG000BBVZ37
632,/bbgid/BBG000BRKDN1
633,/bbgid/BBG000C7DNL2
634,/bbgid/BBG000BQWBZ1
635,/bbgid/BBG000BMG9Q3
636,/bbgid/BBG000BFN8Q2
637,/bbgid/BBG000D2T0N3
638,/bbgid/BBG000PT2W50
639,/bbgid/BBG000BF6LY3
640,/bbgid/BBG000BRWWH3
641,/bbgid/BBG001KY3845
642,/bbgid/BBG000BP0929
643,/bbgid/BBG000LD9JQ8
644,/bbgid/BBG000LHD7R9
645,/bbgid/BBG000B9ZXB4
646,/bbgid/BBG000BWBZN1
647,/bbgid/BBG000PNBZF5
648,/bbgid/BBG000BP63C5
649,/bbgid/BBG000Q26KW0
650,/bbgid/BBG000F258J5
651,/bbgid/BBG00GFK4M37
652,/bbgid/BBG000BC2H19
653,/bbgid/BBG000BMKQF2
654,/bbgid/BBG000BQSQ38
655,/bbgid/BBG000CL6QH7
656,/bbgid/BBG000BKQDQ7
657,/bbgid/BBG000BSHH72
658,/bbgid/BBG000BL46Q4
659,/bbgid/BBG00BZSZZD5
660,/bbgid/BBG000DS8D97
661,/bbgid/BBG000NDYB67
662,/bbgid/BBG000BR2B91
663,/bbgid/BBG000BPMH90
664,/bbgid/BBG000C0MQQ5
665,/bbgid/BBG000F7VG25
666,/bbgid/BBG000BN1P63
667,/bbgid/BBG000BZB0L3
668,/bbgid/BBG000PWTD92
669,/bbgid/BBG000BRJY75
670,/bbgid/BBG000N08GQ1
671,/bbgid/BBG000RTFQS2
672,/bbgid/BBG000BCPWB0
673,/bbgid/BBG000BVHBM1
674,/bbgid/BBG000F6ZWH2
675,/bbgid/BBG00JBBPRZ6
676,/bbgid/BBG000BHY4D9
677,/bbgid/BBG000HK4RX6
678,/bbgid/BBG007SV91V9
679,/bbgid/BBG000BMLG72
680,/bbgid/BBG000KCB2P6
681,/bbgid/BBG000BCXJD8
682,/bbgid/BBG000FLF615
683,/bbgid/BBG000BG4202
684,/bbgid/BBG000BZ8395
685,/bbgid/BBG000BGLFP7
686,/bbgid/BBG000BGVDM4
687,/bbgid/BBG000BFV115
688,/bbgid/BBG009XW6DC5
689,/bbgid/BBG003PS7JV1
690,/bbgid/BBG000LLL675
691,/bbgid/BBG000TJM7F0
692,/bbgid/BBG000BBJSB8
693,/bbgid/BBG000G9PPD5
694,/bbgid/BBG000FQ6PY6
695,/bbgid/BBG000BRZKC1
696,/bbgid/BBG000BGFGT8
697,/bbgid/BBG000BC1X33
698,/bbgid/BBG000JJQLL9
699,/bbgid/BBG000BMLWX8
700,/bbgid/BBG000QT29D1
701,/bbgid/BBG003LNXS47
702,/bbgid/BBG000NWNN34
703,/bbgid/BBG000FDTLH8
704,/bbgid/BBG000Q2BVH7
705,/bbgid/BBG000P0S260
706,/bbgid/BBG0021PGB60
707,/bbgid/BBG000PSKYX7
708,/bbgid/BBG000D76NS2
709,/bbgid/BBG000Q6DFZ1
710,/bbgid/BBG000BC0X70
711,/bbgid/BBG000PXZFW2
712,/bbgid/BBG000RKX5Z9
713,/bbgid/BBG000BMXYW2
714,/bbgid/BBG000BDJKG6
715,/bbgid/BBG000BP4MH0
716,/bbgid/BBG003TTV236
717,/bbgid/BBG000D07Z09
718,/bbgid/BBG000BYWTX7
719,/bbgid/BBG00D6RSP54
720,/bbgid/BBG001J1BNY4
721,/bbgid/BBG000C665J4
722,/bbgid/BBG000BZL6T1
723,/bbgid/BBG000NY04Y3
724,/bbgid/BBG0035BKV02
725,/bbgid/BBG000BB3LM8
726,/bbgid/BBG00MRHG523
727,/bbgid/BBG000BGFBS0
728,/bbgid/BBG000BDSCP4
729,/bbgid/BBG000C3SB31
730,/bbgid/BBG000QJXDW9
731,/bbgid/BBG000G5LC73
732,/bbgid/BBG000PRHLT6
733,/bbgid/BBG000BY07V2
734,/bbgid/BBG000T8ZF80
735,/bbgid/BBG000Q9JW82
736,/bbgid/BBG009KJ2H24
737,/bbgid/BBG000DD2WT2
738,/bbgid/BBG000BLR3Y7
739,/bbgid/BBG000B9ZJN2
740,/bbgid/BBG0019LSQ49
741,/bbgid/BBG000L9CV04
742,/bbgid/BBG000BMWKJ8
743,/bbgid/BBG000F2XXP2
744,/bbgid/BBG003QH9QX4
745,/bbgid/BBG000M68PH9
746,/bbgid/BBG000BBH1K9
747,/bbgid/BBG000BC5WJ4
748,/bbgid/BBG000JGJGN2
749,/bbgid/BBG000BDRR63
750,/bbgid/BBG000BD1BR3
751,/bbgid/BBG00HT48977
752,/bbgid/BBG000C4FQG6
753,/bbgid/BBG004V9R294
754,/bbgid/BBG000BJ5GK2
755,/bbgid/BBG000BWBW76
756,/bbgid/BBG000BZQ803
757,/bbgid/BBG000BL8476
758,/bbgid/BBG000BVLRY8
759,/bbgid/BBG000DP9RS0
760,/bbgid/BBG000DZ89X3
761,/bbgid/BBG000BK0FL5
762,/bbgid/BBG000BHJSC4
763,/bbgid/BBG000BGLRN3
764,/bbgid/BBG000CT6Q35
765,/bbgid/BBG000QCCGH7
766,/bbgid/BBG000BW6NY2
767,/bbgid/BBG000KX75P8
768,/bbgid/BBG000DSZHQ9
769,/bbgid/BBG000BLZRJ2
770,/bbgid/BBG000BQGLS5
771,/bbgid/BBG000HLJ7M4
772,/bbgid/BBG000FL7N17
773,/bbgid/BBG001YTXLH5
774,/bbgid/BBG00CVQZQ96
775,/bbgid/BBG000D8RJ97
776,/bbgid/BBG000FFH4P5
777,/bbgid/BBG000BP3PW7
778,/bbgid/BBG000BJG3B9
779,/bbgid/BBG000BBL0Y1
780,/bbgid/BBG000T6XY76
781,/bbgid/BBG000DCCZW2
782,/bbgid/BBG000H5W8K4
783,/bbgid/BBG000NMJFC8
784,/bbgid/BBG000CXTV94
785,/bbgid/BBG000DQLV23
786,/bbgid/BBG000BBSRR3
787,/bbgid/BBG000TGNSP8
788,/bbgid/BBG000DJYTQ4
789,/bbgid/BBG000BBNKF6
790,/bbgid/BBG000BQRVY4
791,/bbgid/BBG000FQ6QX5
792,/bbgid/BBG000BRF322
793,/bbgid/BBG000DV7S25
794,/bbgid/BBG000CBRRQ4
795,/bbgid/BBG000BLVBC8
796,/bbgid/BBG00MRH2W10
797,/bbgid/BBG000C75N77
798,/bbgid/BBG000BCZHJ4
799,/bbgid/BBG000JNSM81
800,/bbgid/BBG000BRYD38
801,/bbgid/BBG000F6H8W8
802,/bbgid/BBG003NXJNH6
803,/bbgid/BBG000DYCVS8
804,/bbgid/BBG00GSNPM07
805,/bbgid/BBG000BCLNH8
806,/bbgid/BBG00BS054W5
807,/bbgid/BBG000DQJNX0
808,/bbgid/BBG000G19LW8
809,/bbgid/BBG000BBWFN8
810,/bbgid/BBG000BXMFV2
811,/bbgid/BBG000CXQTZ3
812,/bbgid/BBG000F0G9G8
813,/bbgid/BBG000BBNYF6
814,/bbgid/BBG000CKN318
815,/bbgid/BBG0062RX864
816,/bbgid/BBG000KNDTM4
817,/bbgid/BBG000CTQBF3
818,/bbgid/BBG000Q1JQ37
819,/bbgid/BBG000D8FQT2
820,/bbgid/BBG000BWJYL8
821,/bbgid/BBG000D03YW1
822,/bbgid/BBG000BY3T87
823,/bbgid/BBG000C3MXG5
824,/bbgid/BBG000DRMMP5
825,/bbgid/BBG00H433CR2
826,/bbgid/BBG000GSW5F7
827,/bbgid/BBG000BWQF31
828,/bbgid/BBG000C4ZZB9
829,/bbgid/BBG000BK5DP1
830,/bbgid/BBG000BDHQQ4
831,/bbgid/BBG000BMZ740
832,/bbgid/BBG000CGVHL5
833,/bbgid/BBG000BB52X6
834,/bbgid/BBG000GLP2C0
835,/bbgid/BBG000BJ2HP8
836,/bbgid/BBG000BBHHP9
837,/bbgid/BBG000BZKFC0
838,/bbgid/BBG000PPZ7P5
839,/bbgid/BBG001YF63M9
840,/bbgid/BBG000JLSYM3
841,/bbgid/BBG000BCJG31
842,/bbgid/BBG000F1ZSQ2
843,/bbgid/BBG000Q4XNV1
844,/bbgid/BBG000BZ21H6
845,/bbgid/BBG000K8K0L3
846,/bbgid/BBG000BTKGG8
847,/bbgid/BBG000BYSMP6
848,/bbgid/BBG000DRFJF1
849,/bbgid/BBG000Q0SZJ2
850,/bbgid/BBG000QBR5J5
851,/bbgid/BBG000C04JF3
852,/bbgid/BBG000BJGD54
853,/bbgid/BBG000C221G9
854,/bbgid/BBG000CNFQW6
855,/bbgid/BBG000QY5MS2
856,/bbgid/BBG000BBFFS2
857,/bbgid/BBG000D380M5
858,/bbgid/BBG000BQ5ZN1
859,/bbgid/BBG000GQ1G25
860,/bbgid/BBG0014LGC02
861,/bbgid/BBG000DFD1L1
862,/bbgid/BBG000CSY9H9
863,/bbgid/BBG000DPXVW9
864,/bbgid/BBG000CDMJW6
865,/bbgid/BBG000BXL8D9
866,/bbgid/BBG000NTGLW1
867,/bbgid/BBG0046HZ552
868,/bbgid/BBG000CGC453
869,/bbgid/BBG000BBJ2V3
870,/bbgid/BBG000BD0PS2
871,/bbgid/BBG000D5LK23
872,/bbgid/BBG001P2K878
873,/bbgid/BBG000DNB9Q4
874,/bbgid/BBG000CRN6P0
875,/bbgid/BBG000C06L39
876,/bbgid/BBG000BLTV73
877,/bbgid/BBG001CJFTG5
878,/bbgid/BBG000BYN5H7
879,/bbgid/BBG000BW1XR3
880,/bbgid/BBG000C4K3D4
881,/bbgid/BBG000C460K8
882,/bbgid/BBG000BM05Z8
883,/bbgid/BBG000BSPWD3
884,/bbgid/BBG000B9WX45
885,/bbgid/BBG000BMHYD1
886,/bbgid/BBG000C19QW1
887,/bbgid/BBG00FWP4JW4
888,/bbgid/BBG000QC1MD0
889,/bbgid/BBG000BBBNC6
890,/bbgid/BBG000Q0S8H4
891,/bbgid/BBG004K27P01
892,/bbgid/BBG000BL0T06
893,/bbgid/BBG000D3RNB6
894,/bbgid/BBG000BTVJ25
895,/bbgid/BBG000F5VVB6
896,/bbgid/BBG000DKDWS5
897,/bbgid/BBG000C1CK87
898,/bbgid/BBG000BWN2Y9
899,/bbgid/BBG000F1C7F5
900,/bbgid/BBG000F8KJS1
901,/bbgid/BBG000BQNM78
902,/bbgid/BBG000BQHGR6
903,/bbgid/BBG000BBNLK8
904,/bbgid/BBG000GKFKW1
905,/bbgid/BBG000BMSC38
906,/bbgid/BBG000PWGV23
907,/bbgid/BBG000C3FGH9
908,/bbgid/BBG000BPDJM1
909,/bbgid/BBG0039320N9
910,/bbgid/BBG00GCTWVH5
911,/bbgid/BBG000DBD6H4
912,/bbgid/BBG000BY24W6
913,/bbgid/BBG000P4MVD6
914,/bbgid/BBG009HT65R1
915,/bbgid/BBG000C2HP25
916,/bbgid/BBG000BB90B0
917,/bbgid/BBG000BCHZL1
918,/bbgid/BBG000BVN949
919,/bbgid/BBG000G9F1Z5
920,/bbgid/BBG000K7DJG8
921,/bbgid/BBG000DRWZY5
922,/bbgid/BBG000C3CWZ7
923,/bbgid/BBG000BKFZM4
924,/bbgid/BBG000QMDZJ0
925,/bbgid/BBG000DQ7170
926,/bbgid/BBG000BBSJ28
927,/bbgid/BBG005ZVK8T0
928,/bbgid/BBG000BC25Z8
929,/bbgid/BBG000D01B80
930,/bbgid/BBG000BBY4T5
931,/bbgid/BBG000BHD8S7
932,/bbgid/BBG000BJ9FN7
933,/bbgid/BBG000C0XBT3
934,/bbgid/BBG000C2RD58
935,/bbgid/BBG000BTF943
936,/bbgid/BBG006H4PTX2
937,/bbgid/BBG000BDLQJ7
938,/bbgid/BBG000BJB6R0
939,/bbgid/BBG000C1RRF8
940,/bbgid/BBG000BW93R1
941,/bbgid/BBG000FT86F1
942,/bbgid/BBG000BM4NV9
943,/bbgid/BBG000BL01M3
944,/bbgid/BBG000PKZFB3
945,/bbgid/BBG000BDYQR4
946,/bbgid/BBG000BKYDP9
947,/bbgid/BBG000BD0PK0
948,/bbgid/BBG000C3N539
949,/bbgid/BBG000BV56L6
950,/bbgid/BBG000FT85M5
951,/bbgid/BBG000BV75B7
952,/bbgid/BBG000BV1NV2
953,/bbgid/BBG000BSZ738
954,/bbgid/BBG000FWY6Z3
955,/bbgid/BBG000BZ4X02
956,/bbgid/BBG000QF05R6
957,/bbgid/BBG000BG3XJ5
958,/bbgid/BBG000BJGBZ5
959,/bbgid/BBG000PV3J62
960,/bbgid/BBG000C0BH23
961,/bbgid/BBG000HG21Y3
962,/bbgid/BBG00Q9WC8Q3
963,/bbgid/BBG000BHQ484
964,/bbgid/BBG000BYDDT8
965,/bbgid/BBG000C1CPP7
966,/bbgid/BBG000J88FD5
967,/bbgid/BBG00177C4N7
968,/bbgid/BBG000FBRL11
969,/bbgid/BBG000BXMGB2
970,/bbgid/BBG000NW11M5
971,/bbgid/BBG000DHTVJ7
972,/bbgid/BBG000BN06T1
973,/bbgid/BBG000BXQTG5
974,/bbgid/BBG000ND3QD0
975,/bbgid/BBG000DFCJR7
976,/bbgid/BBG000BCDRT5
977,/bbgid/BBG000BCPKW3
978,/bbgid/BBG000DC3RG8
979,/bbgid/BBG000C0FZY4
980,/bbgid/BBG0049FN2L5
981,/bbgid/BBG000PT75D5
982,/bbgid/BBG000B9WM03
983,/bbgid/BBG000CFZ4S5
984,/bbgid/BBG000D0V7G7
985,/bbgid/BBG002YJ6K14
986,/bbgid/BBG00B6V7CJ6
987,/bbgid/BBG000BD2D25
988,/bbgid/BBG000GRZDV1
989,/bbgid/BBG000FK83N8
990,/bbgid/BBG000BL8GJ6
991,/bbgid/BBG000BYGDL3
992,/bbgid/BBG000BCVP73
993,/bbgid/BBG000C500Q5
994,/bbgid/BBG000HCS2F3
995,/bbgid/BBG0027F2B89
996,/bbgid/BBG000LV0836
997,/bbgid/BBG000KBRL60
998,/bbgid/BBG005TNS0Q7
999,/bbgid/BBG000BLTVN5
1000,/bbgid/BBG000BYJPX0
1001,/bbgid/BBG000GM73Y2
1002,/bbgid/BBG000BRLPF2
1003,/bbgid/BBG000BDCQS7
1004,/bbgid/BBG000BJ3LL2
1005,/bbgid/BBG000BVMPN3
1006,/bbgid/BBG000CK79T3
1007,/bbgid/BBG000BD1TR4
1008,/bbgid/BBG001P2KSC8
1009,/bbgid/BBG000R7Z112
1010,/bbgid/BBG000MVZH28
1011,/bbgid/BBG000C9K6K8
1012,
1013,/bbgid/BBG000BPD211
1014,/bbgid/BBG001P3K000
1015,/bbgid/BBG000CZTB66
1016,/bbgid/BBG000CZXCG8
1017,/bbgid/BBG000BMNC97
1018,/bbgid/BBG000DJX7Q3
1019,/bbgid/BBG000BD2407
1020,/bbgid/BBG000BZDXC9
1021,/bbgid/BBG000BZGJZ2
1022,/bbgid/BBG000LBBC02
1023,/bbgid/BBG000BNMHS4
1024,/bbgid/BBG000BB5006
1025,/bbgid/BBG000RQ98R6
1026,/bbgid/BBG000BKJ4R4
1027,/bbgid/BBG000BNS256
1028,/bbgid/BBG000QMKDM7
1029,/bbgid/BBG00L17LGJ7
1030,/bbgid/BBG000C114G6
1031,/bbgid/BBG0054B20Z8
1032,/bbgid/BBG000CGNVZ8
1033,/bbgid/BBG000Q90C31
1034,/bbgid/BBG000NJTR10
1035,/bbgid/BBG000BXDQD8
1036,/bbgid/BBG000BB4D72
1037,/bbgid/BBG000BQ2C28
1038,/bbgid/BBG000BXZND1
1039,/bbgid/BBG000BJ5G95
1040,/bbgid/BBG000Q0JJQ0
1041,/bbgid/BBG000GC0TZ3
1042,/bbgid/BBG008NXC572
1043,/bbgid/BBG000BBVVP2
1044,/bbgid/BBG000BCZQ22
1045,/bbgid/BBG000D9P720
1046,/bbgid/BBG000BM2GS0
1047,/bbgid/BBG000CW2FW4
1048,/bbgid/BBG000BMKDM3
1049,/bbgid/BBG000BLCJG8
1050,/bbgid/BBG000G0WLM5
1051,/bbgid/BBG000C4Q534
1052,/bbgid/BBG000BJ2LY9
1053,/bbgid/BBG006473QX9
1054,/bbgid/BBG000BHGDH5
1055,/bbgid/BBG000BCNGJ9
1056,/bbgid/BBG000DW76Y6
1057,/bbgid/BBG000BVQ2J5
1058,/bbgid/BBG000JLC8L8
1059,/bbgid/BBG000DR87M7
1060,/bbgid/BBG000QS87D1
1061,/bbgid/BBG000BP08R4
1062,/bbgid/BBG000C48RJ9
1063,/bbgid/BBG00HPBBSM2
1064,/bbgid/BBG000GSFXM7
1065,/bbgid/BBG000BF7GL7
1066,/bbgid/BBG000C8XXR0
1067,/bbgid/BBG000BH6360
1068,/bbgid/BBG000BX24N8
1069,/bbgid/BBG000KXC7W0
1070,/bbgid/BBG00F0YM0Z8
1071,/bbgid/BBG000BB6568
1072,/bbgid/BBG000BCNF74
1073,/bbgid/BBG000QHM1J6
1074,/bbgid/BBG000P28YZ6
1075,/bbgid/BBG000CGJMB9
1076,/bbgid/BBG00GFSQZ82
1077,/bbgid/BBG000BWW8C0
1078,/bbgid/BBG000CTY4J6
1079,/bbgid/BBG000BLVNB3
1080,/bbgid/BBG000CXKKZ8
1081,/bbgid/BBG000BY0R66
1082,/bbgid/BBG000BYMXH7
1083,/bbgid/BBG000BGYDX9
1084,/bbgid/BBG000DQSNV2
1085,/bbgid/BBG000BH1NH9
1086,/bbgid/BBG000CZS310
1087,/bbgid/BBG000BFFW79
1088,/bbgid/BBG000CV6M39
1089,/bbgid/BBG000DYGCS6
1090,/bbgid/BBG000BB00D7
1091,/bbgid/BBG000BWQTD0
1092,/bbgid/BBG000CMRN61
1093,/bbgid/BBG000FBVQT5
1094,/bbgid/BBG000LZX0D7
1095,/bbgid/BBG000BTNS79
1096,/bbgid/BBG000BYQ263
1097,/bbgid/BBG000D09CN3
1098,/bbgid/BBG00NNG2ZJ8
1099,/bbgid/BBG00HBQ35R8
1100,/bbgid/BBG000BLK267
1101,/bbgid/BBG000BH2JM1
1102,/bbgid/BBG001QYGP38
1103,/bbgid/BBG00D5L3SS4
1104,/bbgid/BBG000BK4N16
1105,/bbgid/BBG000BN2HQ8
1106,/bbgid/BBG000TX5FM2
1107,/bbgid/BBG000BCZQQ6
1108,/bbgid/BBG000LC1FS4
1109,/bbgid/BBG000F1G495
1110,/bbgid/BBG004RXCMJ7
1111,/bbgid/BBG000D7NQM2
1112,/bbgid/BBG000BLNNH6
1113,/bbgid/BBG000C31ZH2
1114,/bbgid/BBG000BPYZV2
1115,/bbgid/BBG000PF7TJ7
1116,/bbgid/BBG000BJ9B29
1117,/bbgid/BBG000CND7W0
1118,/bbgid/BBG000JTYFB2
1119,/bbgid/BBG0016LBF62
1120,/bbgid/BBG000DX9JV7
1121,/bbgid/BBG000H0X129
1122,/bbgid/BBG000BN53G7
1123,/bbgid/BBG000BJZ7V7
1124,/bbgid/BBG007LYGF78
1125,/bbgid/BBG000BQL8G1
1126,/bbgid/BBG000F2SFN9
1127,/bbgid/BBG000BHR1R8
1128,/bbgid/BBG000BCXHC3
1129,/bbgid/BBG000BJ81C1
1130,/bbgid/BBG000BVP5P2
1131,/bbgid/BBG000BPBR63
1132,/bbgid/BBG000BS4MP5
1133,/bbgid/BBG000D6YCQ9
1134,/bbgid/BBG003QPMHR8
1135,/bbgid/BBG000BQZMH4
1136,/bbgid/BBG000DC8RC7
1137,/bbgid/BBG000CF8227
1138,/bbgid/BBG001SP8DV0
1139,/bbgid/BBG000B9Y8D8
1140,/bbgid/BBG000C3HB24
1141,/bbgid/BBG000C4NJF4
1142,/bbgid/BBG000C14X88
1143,/bbgid/BBG000BDXGP9
1144,/bbgid/BBG000BPYD87
1145,/bbgid/BBG0081VKTX0
1146,/bbgid/BBG004N62BQ7
1147,/bbgid/BBG000BKWCS0
1148,/bbgid/BBG000BLHRS2
1149,/bbgid/BBG000JK9F10
1150,/bbgid/BBG000BN0Y47
1151,/bbgid/BBG0022MMQB0
1152,/bbgid/BBG000C4LN67
1153,/bbgid/BBG000J064L0
1154,/bbgid/BBG000DJN7L9
1155,/bbgid/BBG000BH9BY8
1156,/bbgid/BBG000BDPC13
1157,/bbgid/BBG000BLQW29
1158,/bbgid/BBG00D2Z7X83
1159,/bbgid/BBG000BB3CT1
1160,/bbgid/BBG000BJNGN9
1161,/bbgid/BBG000F5VMF2
1162,/bbgid/BBG000DYF8N1
1163,/bbgid/BBG008FH2F48
1164,/bbgid/BBG000BD43C4
1165,/bbgid/BBG000BXT422
1166,/bbgid/BBG000D2ZTS8
1167,/bbgid/BBG000V78V75
1168,/bbgid/BBG000B9YYH7
1169,/bbgid/BBG000BWG2F8
1170,/bbgid/BBG000C3W281
1171,/bbgid/BBG000BCRTT6
1172,/bbgid/BBG000CVY5L5
1173,/bbgid/BBG000BYT6Z9
1174,/bbgid/BBG000BCHFG1
1175,/bbgid/BBG004SNMZC5
1176,/bbgid/BBG000C6W444
1177,/bbgid/BBG0044GY5S2
1178,/bbgid/BBG000BT5D81
1179,/bbgid/BBG000HGM6Z9
1180,/bbgid/BBG000CGC1X8
1181,/bbgid/BBG000C27D78
1182,/bbgid/BBG000BNFLM9
1183,/bbgid/BBG000DHXLC1
1184,/bbgid/BBG000BD1373
1185,/bbgid/BBG000BJQK11
1186,/bbgid/BBG00J7CBVW8
1187,/bbgid/BBG000FL63Q5
1188,/bbgid/BBG000G3TQV2
1189,/bbgid/BBG0036FB0H2
1190,/bbgid/BBG000CM0VL5
1191,/bbgid/BBG000BMRYG7
1192,/bbgid/BBG000LZZSW3
1193,/bbgid/BBG000BD1GP4
1194,/bbgid/BBG000GZ9406
1195,/bbgid/BBG000CY33S1
1196,/bbgid/BBG000BLMY92
1197,/bbgid/BBG000BHQP32
1198,/bbgid/BBG00F5FNKJ7
1199,/bbgid/BBG002QHCRX0
1200,/bbgid/BBG000BCJ4K9
1201,/bbgid/BBG008HNHZ07
1202,/bbgid/BBG000BLV2Q3
1203,/bbgid/BBG000GLMHS3
1204,/bbgid/BBG000JBC9M7
1205,/bbgid/BBG000C1MHD7
1206,/bbgid/BBG000C6CRV5
1207,/bbgid/BBG000BYJNP4
1208,/bbgid/BBG000C4TP00
1209,/bbgid/BBG000BZ9223
1210,/bbgid/BBG000BRW8B2
1211,/bbgid/BBG000PQSZH8
1212,/bbgid/BBG000KG4T49
1213,/bbgid/BBG000Q5ZRM7
1214,/bbgid/BBG000G4GKH3
1215,/bbgid/BBG00FGXCJX5
1216,/bbgid/BBG000BC2R71
1217,/bbgid/BBG000BN6KG8
1218,/bbgid/BBG003FX9C44
1219,/bbgid/BBG000BQC9V2
1220,/bbgid/BBG000BN84F3
1221,/bbgid/BBG000BZW5Q4
1222,/bbgid/BBG004G02108
1223,/bbgid/BBG000D4LWF6
1224,/bbgid/BBG000BTGCV5
1225,/bbgid/BBG000BC1LY5
1226,/bbgid/BBG000BQLN41
1227,/bbgid/BBG000BM7L13
1228,/bbgid/BBG001QD41M9
1229,/bbgid/BBG000CHSS88
1230,/bbgid/BBG000CN3S73
1231,/bbgid/BBG000KFPB56
1232,/bbgid/BBG000M7H7J5
1233,/bbgid/BBG000H88C35
1234,/bbgid/BBG000C2FN59
1235,/bbgid/BBG000C43744
1236,/bbgid/BBG000BPBVW5
1237,/bbgid/BBG000F79GY5
1238,/bbgid/BBG000BB7SX7
1239,/bbgid/BBG000BDGHD9
1240,/bbgid/BBG000BGBRG2
1241,/bbgid/BBG001KWRBT9
1242,/bbgid/BBG000BNBC52
1243,/bbgid/BBG000BXSFH2
1244,/bbgid/BBG000BJ3PD2
1245,/bbgid/BBG000PTNWS2
1246,/bbgid/BBG000BC8SH2
1247,/bbgid/BBG000CQB185
1248,/bbgid/BBG000BXQWN0
1249,/bbgid/BBG000BXPF30
1250,/bbgid/BBG00GKJ8C78
1251,/bbgid/BBG000RTDY25
1252,/bbgid/BBG000CLNSF6
1253,/bbgid/BBG000BZ3B38
1254,/bbgid/BBG000BS5DR2
1255,/bbgid/BBG000C1C526
1256,/bbgid/BBG000JQJC22
1257,/bbgid/BBG000K1XDF3
1258,/bbgid/BBG000BQKD44
1259,/bbgid/BBG000BFYGX4
1260,/bbgid/BBG000BR8QF5
1261,/bbgid/BBG000RGM5P1
1262,/bbgid/BBG000BS9489
1263,/bbgid/BBG000BJ26K7
1264,/bbgid/BBG000BYXHJ8
1265,/bbgid/BBG000BQ5DS5
1266,/bbgid/BBG000HQMPB1
1267,/bbgid/BBG000C6K8C9
1268,/bbgid/BBG000BLGFJ9
1269,/bbgid/BBG000JXM895
1270,/bbgid/BBG000BF8CN3
1271,/bbgid/BBG000DHJDT7
1272,/bbgid/BBG004HXD0G8
1273,/bbgid/BBG000BY33P5
1274,/bbgid/BBG000FRRNC0
1275,/bbgid/BBG000DPKKK0
1276,/bbgid/BBG000BXYCJ0
1277,/bbgid/BBG000CJN801
1278,/bbgid/BBG000CPR2X0
1279,/bbgid/BBG000B9YJ35
1280,/bbgid/BBG000BCSPR5
1281,/bbgid/BBG000BRTL90
1282,/bbgid/BBG000BKPL53
1283,/bbgid/BBG000KZCJJ4
1284,/bbgid/BBG00J29D109
1285,/bbgid/BBG000C3LQ53
1286,/bbgid/BBG000N746D6
1287,/bbgid/BBG000BR54L0
1288,/bbgid/BBG000C31PB0
1289,/bbgid/BBG000BHXPK5
1290,/bbgid/BBG000GY1XJ3
1291,/bbgid/BBG000BB34W5
1292,/bbgid/BBG000H35J52
1293,/bbgid/BBG000HD3DW5
1294,/bbgid/BBG000BGZP70
1295,/bbgid/BBG000BSHJ96
1296,/bbgid/BBG000KZSLM8
1297,/bbgid/BBG000BVB568
1298,/bbgid/BBG000F0KF42
1299,/bbgid/BBG000BC3ZF3
1300,/bbgid/BBG000LSYD99
1301,/bbgid/BBG000D09DN1
1302,/bbgid/BBG000C5QMH9
1303,/bbgid/BBG000DZ8BC1
1304,/bbgid/BBG000BRWVC0
1305,/bbgid/BBG000HHMFJ5
1306,/bbgid/BBG000D32R97
1307,/bbgid/BBG000K4ND22
1308,/bbgid/BBG000LFJWM7
1309,/bbgid/BBG000D86F25
1310,/bbgid/BBG000BP83H8
1311,/bbgid/BBG000BPGQ60
1312,/bbgid/BBG000BSJK37
1313,/bbgid/BBG000G5FQQ8
1314,/bbgid/BBG000Q02P20
1315,/bbgid/BBG000BB4HM6
1316,/bbgid/BBG000BSHXP7
1317,/bbgid/BBG000BBD070
1318,/bbgid/BBG000BFZVH8
1319,/bbgid/BBG000PR9S47
1320,/bbgid/BBG000BPFCM4
1321,/bbgid/BBG000GDCWK7
1322,/bbgid/BBG000BJZM26
1323,/bbgid/BBG000BBJ8C1
1324,/bbgid/BBG000BC20T6
1325,/bbgid/BBG00328QCC5
1326,/bbgid/BBG001W55FM7
1327,/bbgid/BBG000BJXWX2
1328,/bbgid/BBG000DMBXR2
1329,/bbgid/BBG00DL8NMV2
1330,/bbgid/BBG000FYPPB3
1331,/bbgid/BBG000BQWPC5
1332,/bbgid/BBG000BXL4N7
1333,/bbgid/BBG00GSR1BG1
1334,/bbgid/BBG000CSRSG6
1335,/bbgid/BBG000BMFD58
1336,/bbgid/BBG000C4QP94
1337,/bbgid/BBG000B9YY14
1338,/bbgid/BBG00DYNJGH9
1339,/bbgid/BBG000JM5558
1340,/bbgid/BBG000M1K955
1341,/bbgid/BBG000C15114
1342,/bbgid/BBG000P2TYL8
1343,/bbgid/BBG00FQH6MJ5
1344,/bbgid/BBG000BT36X0
1345,/bbgid/BBG000PHV367
1346,/bbgid/BBG000CFRHW0
1347,/bbgid/BBG000BZRV74
1348,/bbgid/BBG000HVWVP1
1349,/bbgid/BBG000BH4R78
1350,/bbgid/BBG00HLJM976
1351,/bbgid/BBG000BRMJN6
1352,/bbgid/BBG000BLMXN8
1353,/bbgid/BBG000BPNP00
1354,/bbgid/BBG000R3NPZ4
1355,/bbgid/BBG000CKVSG8
1356,/bbgid/BBG000BWP7D9
1357,/bbgid/BBG000BJSMW1
1358,/bbgid/BBG000F9R281
1359,/bbgid/BBG000M8S4W3
1360,/bbgid/BBG00GNT7999
1361,/bbgid/BBG000BCWVV2
1362,/bbgid/BBG000VLBCQ1
1363,/bbgid/BBG000BL9JB7
1364,/bbgid/BBG006L2SZC7
1365,/bbgid/BBG000BBJR57
1366,/bbgid/BBG008417VN4
1367,/bbgid/BBG000CZ62D3
1368,/bbgid/BBG0079T1PZ6
1369,/bbgid/BBG000DLFM21
1370,/bbgid/BBG000BZQ8R4
1371,/bbgid/BBG000BGZL88
1372,/bbgid/BBG000BCPM77
1373,/bbgid/BBG004BMM0N0
1374,/bbgid/BBG000BXGCQ2
1375,/bbgid/BBG000PHQ3V5
1376,/bbgid/BBG000BJMDS2
1377,/bbgid/BBG000BNXS80
1378,/bbgid/BBG000DCNK80
1379,/bbgid/BBG000Q1KFH4
1380,/bbgid/BBG000D7FT63
1381,/bbgid/BBG000PYG6N1
1382,/bbgid/BBG000FLPRH1
1383,/bbgid/BBG000NZXY41
1384,/bbgid/BBG000BY0KF1
1385,/bbgid/BBG000Q46L54
1386,/bbgid/BBG000D17XL9
1387,/bbgid/BBG000LZ9JM3
1388,/bbgid/BBG000BGKJ70
1389,/bbgid/BBG000KFLDK9
1390,/bbgid/BBG002VH4NJ8
1391,/bbgid/BBG000BBNFG6
1392,/bbgid/BBG0046J5J60
1393,/bbgid/BBG000C24WV2
1394,/bbgid/BBG000BKRHQ7
1395,/bbgid/BBG005XVML66
1396,/bbgid/BBG000BXF3G4
1397,/bbgid/BBG000TGPLG1
1398,/bbgid/BBG000C0F570
1399,/bbgid/BBG007HZBBT0
1400,/bbgid/BBG00H3TKJ74
1401,/bbgid/BBG001ZSNSQ2
1402,/bbgid/BBG000BRWGG9
1403,/bbgid/BBG006KZRKT1
1404,/bbgid/BBG000PNZ5G4
1405,/bbgid/BBG000BVYN55
1406,/bbgid/BBG00B8NWRF5
1407,/bbgid/BBG000GZ8014
1408,/bbgid/BBG000BCTLF6
1409,/bbgid/BBG000BF9BL6
1410,/bbgid/BBG000CDH213
1411,/bbgid/BBG000BCQV12
1412,/bbgid/BBG003981NS4
1413,/bbgid/BBG000M34GG1
1414,/bbgid/BBG000BPDDB6
1415,/bbgid/BBG00KXKRKY3
1416,/bbgid/BBG00GTR08C2
1417,/bbgid/BBG000BCRMW7
1418,/bbgid/BBG0036D62Z9
1419,/bbgid/BBG000CDY3H5
1420,/bbgid/BBG000C42VL3
1421,/bbgid/BBG000BMF5J0
1422,/bbgid/BBG000K1XFJ4
1423,/bbgid/BBG000CGC5C2
1424,/bbgid/BBG000BNBDC2
1425,/bbgid/BBG000BJDB15
1426,/bbgid/BBG004TCGFN7
1427,/bbgid/BBG000CDMMM0
1428,/bbgid/BBG000M6TL21
1429,/bbgid/BBG000C21S35
1430,/bbgid/BBG000BCT053
1431,/bbgid/BBG000BNNKG9
1432,/bbgid/BBG000C38CT3
1433,/bbgid/BBG000BLSDQ3
1434,/bbgid/BBG00GQ30QD7
1435,/bbgid/BBG000QG9SX8
1436,/bbgid/BBG0035WV4N9
1437,/bbgid/BBG000K4D030
1438,/bbgid/BBG000BB9KF2
1439,/bbgid/BBG000QMH637
1440,/bbgid/BBG000JKCWS0
1441,/bbgid/BBG001J4J8T9
1442,/bbgid/BBG000BYK1M3
1443,/bbgid/BBG00D0Y81M1
1444,/bbgid/BBG000BRF6K5
1445,/bbgid/BBG000CH2BG4
1446,/bbgid/BBG00HT47FH3
1447,/bbgid/BBG000BFBH12
1448,/bbgid/BBG000BB0V03
1449,/bbgid/BBG000PD6X77
1450,/bbgid/BBG002Q8RXQ9
1451,/bbgid/BBG000FXW512
1452,/bbgid/BBG000BS0ZF1
1453,/bbgid/BBG000CLFQC2
1454,/bbgid/BBG000K14TT5
1455,/bbgid/BBG000QCQ764
1456,/bbgid/BBG000BVMXG4
1457,/bbgid/BBG000BS3047
1458,/bbgid/BBG0088CYPX8
1459,/bbgid/BBG000FFVZT6
1460,/bbgid/BBG000DCGLQ6
1461,/bbgid/BBG000FJH8W0
1462,/bbgid/BBG000PXLSN9
1463,/bbgid/BBG000CJSNX7
1464,/bbgid/BBG000BCSCB1
1465,/bbgid/BBG001KQZTJ5
1466,/bbgid/BBG000PRJCX9
1467,/bbgid/BBG000FLT111
1468,/bbgid/BBG001CBC835
1469,/bbgid/BBG000G7PNS8
1470,/bbgid/BBG000BB3080
1471,/bbgid/BBG000C40QG2
1472,/bbgid/BBG000CGFY45
1473,/bbgid/BBG000BZY3G8
1474,/bbgid/BBG000BFT2L4
1475,/bbgid/BBG000BJF1Z8
1476,/bbgid/BBG000QQF7G4
1477,/bbgid/BBG000KRSBX6
1478,/bbgid/BBG0057SF1Z2
1479,/bbgid/BBG000BBHXQ3
1480,/bbgid/BBG000C8SW16
1481,/bbgid/BBG001P63B80
1482,/bbgid/BBG000NKDGG2
1483,/bbgid/BBG000TSWM66
1484,/bbgid/BBG000PPJTH4
1485,/bbgid/BBG000FQHHX3
1486,/bbgid/BBG000CZK817
1487,/bbgid/BBG000BB7JQ5
1488,/bbgid/BBG000BRXTR8
1489,/bbgid/BBG000BSMFN2
1490,/bbgid/BBG000BF20N5
1491,/bbgid/BBG000BWW509
1492,/bbgid/BBG000BHHF34
1493,/bbgid/BBG003MS9X87
1494,/bbgid/BBG000DJGGD6
1495,/bbgid/BBG000BD8VT0
1496,/bbgid/BBG000HH3LY6
1497,/bbgid/BBG00B8N0HG1
1498,/bbgid/BBG000BLJWF3
1499,/bbgid/BBG00J24S765
1500,/bbgid/BBG000FC3ZL2
1501,/bbgid/BBG000BB6F57
1502,/bbgid/BBG000BGPQW1
1503,/bbgid/BBG000C88125
1504,/bbgid/BBG000BSH4R9
1505,/bbgid/BBG000BQJTP8
1506,/bbgid/BBG000BV7ZW8
1507,/bbgid/BBG000BGRMB1
1508,/bbgid/BBG000C1ZRQ7
1509,/bbgid/BBG000BBX657
1510,/bbgid/BBG001YCZP63
1511,/bbgid/BBG000TRN6Z1
1512,/bbgid/BBG000BBHGQ0
1513,/bbgid/BBG003B91XR8
1514,/bbgid/BBG000BP3SJ6
1515,/bbgid/BBG000HS77T5
1516,/bbgid/BBG000BMZ5P1
1517,/bbgid/BBG000BZZVL9
1518,/bbgid/BBG000MTDW24
1519,/bbgid/BBG000BD6V58
1520,/bbgid/BBG00GBV88T6
1521,/bbgid/BBG000K3BC83
1522,/bbgid/BBG000BFKP87
1523,/bbgid/BBG000BGSMF6
1524,/bbgid/BBG000QNPBH0
1525,/bbgid/BBG000BMT0R7
1526,/bbgid/BBG000BCBDV5
1527,/bbgid/BBG000C3QHW8
1528,/bbgid/BBG000CS7CT9
1529,/bbgid/BBG000DD8WX1
1530,/bbgid/BBG000QDQR59
1531,/bbgid/BBG000BGD220
1532,/bbgid/BBG000DMFQS2
1533,/bbgid/BBG000C407W6
1534,/bbgid/BBG004Z4HFD8
1535,/bbgid/BBG000F5YH15
1536,/bbgid/BBG000BD1S14
1537,/bbgid/BBG000C1XKF6
1538,/bbgid/BBG000H32P24
1539,/bbgid/BBG000NV1KK7
1540,/bbgid/BBG000BPQ0F6
1541,/bbgid/BBG000BGF8B5
1542,/bbgid/BBG000DKMJ86
1543,/bbgid/BBG000C4MTR0
1544,/bbgid/BBG000D7RKJ5
1545,/bbgid/BBG000J9C6X6
1546,/bbgid/BBG000BTJ011
1547,/bbgid/BBG000BCCZ27
1548,/bbgid/BBG000CWSZN2
1549,/bbgid/BBG000K5DRK9
1550,/bbgid/BBG000BRJ809
1551,/bbgid/BBG000BG22J4
1552,/bbgid/BBG000BGJ661
1553,/bbgid/BBG006JNW321
1554,/bbgid/BBG000BGXMG9
1555,/bbgid/BBG000BCQ6J8
1556,/bbgid/BBG000C34488
1557,/bbgid/BBG000BZ21R5
1558,/bbgid/BBG000GJQQ22
1559,/bbgid/BBG000G87NB4
1560,/bbgid/BBG000PLQCY3
1561,/bbgid/BBG000BB1TH9
1562,/bbgid/BBG000G9LWL5
1563,/bbgid/BBG006D4PF48
1564,/bbgid/BBG000CB07H7
1565,/bbgid/BBG000BNGTQ7
1566,/bbgid/BBG000BV4DR6
1567,/bbgid/BBG001CGH2D1
1568,/bbgid/BBG000GQBNG4
1569,/bbgid/BBG000BRDFF3
1570,/bbgid/BBG00DXDL6Q1
1571,/bbgid/BBG000F5PGF2
1572,/bbgid/BBG000BD0J06
1573,/bbgid/BBG000C3KB84
1574,/bbgid/BBG000BVMGF2
1575,/bbgid/BBG000LK4328
1576,/bbgid/BBG000MMCGW2
1577,/bbgid/BBG000J2XL74
1578,/bbgid/BBG000BC4CV5
1579,/bbgid/BBG000BJN3C0
1580,/bbgid/BBG000BFNR17
1581,/bbgid/BBG000F4W0M4
1582,/bbgid/BBG0069J9WB3
1583,/bbgid/BBG001VGY0M5
1584,/bbgid/BBG00D30HGP6
1585,/bbgid/BBG000QD4533
1586,/bbgid/BBG000BKFNX9
1587,/bbgid/BBG000BGD7W6
1588,/bbgid/BBG000BSQLT9
1589,/bbgid/BBG002DSBL28
1590,/bbgid/BBG000BGGBT8
1591,/bbgid/BBG006YP1L41
1592,/bbgid/BBG000D2RMF6
1593,/bbgid/BBG000RWMMS6
1594,/bbgid/BBG000BSBZH7
1595,/bbgid/BBG000C706J6
1596,/bbgid/BBG000BJ9RS6
1597,/bbgid/BBG000BJQYS2
1598,/bbgid/BBG004T7T2Z0
1599,/bbgid/BBG000BTM2K2
1600,/bbgid/BBG008871P56
1601,/bbgid/BBG000DKCC19
1602,/bbgid/BBG000BCNYT9
1603,/bbgid/BBG000BJSBJ0
1604,/bbgid/BBG000PLSZ34
1605,/bbgid/BBG000D02GB4
1606,/bbgid/BBG001LWJDL1
1607,/bbgid/BBG000B9XB24
1608,/bbgid/BBG000BSTBM5
1609,/bbgid/BBG000BML3J8
1610,/bbgid/BBG000TGZHS6
1611,/bbgid/BBG000BC9DK0
1612,/bbgid/BBG000BNC3Y9
1613,/bbgid/BBG000C3WK36
1614,/bbgid/BBG000GN4ZY2
1615,/bbgid/BBG000C61V11
1616,/bbgid/BBG000FB3DJ6
1617,/bbgid/BBG000FV0NL0
1618,/bbgid/BBG000BY9903
1619,/bbgid/BBG000LDS0V2
1620,/bbgid/BBG000P6C4M2
1621,/bbgid/BBG000FBFX72
1622,/bbgid/BBG001KJFX31
1623,/bbgid/BBG000BDR7W8
1624,/bbgid/BBG000HWKL01
1625,/bbgid/BBG000V76MQ6
1626,/bbgid/BBG000BS3PL3
1627,/bbgid/BBG000BCC284
1628,/bbgid/BBG002Q7J5Z1
1629,/bbgid/BBG000QVC7M9
1630,/bbgid/BBG000D96W26
1631,/bbgid/BBG000J2Z5H6
1632,/bbgid/BBG000F4PNF0
1633,/bbgid/BBG0058YL7G9
1634,/bbgid/BBG000BQ0543
1635,/bbgid/BBG000BB0WY4
1636,/bbgid/BBG000P320X6
1637,/bbgid/BBG000BJTZX0
1638,/bbgid/BBG000BQSBB2
1639,/bbgid/BBG000BXQCS9
1640,/bbgid/BBG000CB1FM2
1641,/bbgid/BBG00B036G60
1642,/bbgid/BBG002BC2YL6
1643,/bbgid/BBG000Q5VCD4
1644,/bbgid/BBG000CKGDS5
1645,/bbgid/BBG00HCY3Q67
1646,/bbgid/BBG000BPQD31
1647,/bbgid/BBG000CQCCK6
1648,/bbgid/BBG000BPXZ43
1649,/bbgid/BBG000BRNTD4
1650,/bbgid/BBG000KYNTQ5
1651,/bbgid/BBG000GT6BT6
1652,/bbgid/BBG001XJRMF5
1653,/bbgid/BBG000CB8Q50
1654,/bbgid/BBG000QH56C1
1655,/bbgid/BBG000BZQ983
1656,/bbgid/BBG000BBPFB9
1657,/bbgid/BBG000BYFPY3
1658,/bbgid/BBG000CHSN07
1659,/bbgid/BBG000QP6KB2
1660,/bbgid/BBG00B2VZCV5
1661,/bbgid/BBG000CC27Z3
1662,/bbgid/BBG0060B3M63
1663,/bbgid/BBG000ND5X52
1664,/bbgid/BBG009R0CVG1
1665,/bbgid/BBG000BL30Y9
1666,/bbgid/BBG000BCF9M0
1667,/bbgid/BBG000DGLTG5
1668,/bbgid/BBG000BD9ZM7
1669,/bbgid/BBG00FY0CZQ9
1670,/bbgid/BBG000PYJY93
1671,/bbgid/BBG000C97G94
1672,/bbgid/BBG000BHN9B2
1673,/bbgid/BBG000DZN289
1674,/bbgid/BBG000D5S4M0
1675,/bbgid/BBG000BN5MG5
1676,/bbgid/BBG000KLDTJ2
1677,/bbgid/BBG000BBDV81
1678,/bbgid/BBG000H56MZ6
1679,/bbgid/BBG000J06DW8
1680,/bbgid/BBG000CFZ003
1681,/bbgid/BBG000FRVHB9
1682,/bbgid/BBG000BNX3R4
1683,/bbgid/BBG000BXX6N9
1684,/bbgid/BBG000BHTPS2
1685,/bbgid/BBG000BCL649
1686,/bbgid/BBG0017WYCC2
1687,/bbgid/BBG000BCHQX8
1688,/bbgid/BBG000BMH2Q7
1689,/bbgid/BBG000BX57K1
1690,/bbgid/BBG000F44GR5
1691,/bbgid/BBG000LGGW11
1692,/bbgid/BBG000BJTD50
1693,/bbgid/BBG000MHMZ32
1694,/bbgid/BBG000BDTV08
1695,/bbgid/BBG000BXJSH4
1696,/bbgid/BBG000BGX2S0
1697,/bbgid/BBG000CL9JV4
1698,/bbgid/BBG000BR40B0
1699,/bbgid/BBG001P0TNW2
1700,/bbgid/BBG000C24TS3
1701,/bbgid/BBG000BBMCY4
1702,/bbgid/BBG000BWS3F3
1703,/bbgid/BBG000GQGXS4
1704,/bbgid/BBG000BV12L9
1705,/bbgid/BBG003LB3TH0
1706,/bbgid/BBG000B9XG87
1707,/bbgid/BBG001SJ6D19
1708,/bbgid/BBG000B9YSS8
1709,/bbgid/BBG000JNZ900
1710,/bbgid/BBG000LX4D19
1711,/bbgid/BBG000BKYVF0
1712,/bbgid/BBG00286S4N9
1713,/bbgid/BBG00HCX5VQ4
1714,/bbgid/BBG000BJNV83
1715,/bbgid/BBG000BHYLP8
1716,/bbgid/BBG000BJW241
1717,/bbgid/BBG001KFNK01
1718,/bbgid/BBG000C0Y4H1
1719,/bbgid/BBG000GXW4R6
1720,/bbgid/BBG000C2DJ32
1721,/bbgid/BBG009PN0C87
1722,/bbgid/BBG005T0KPY1
1723,/bbgid/BBG00DBPBVY5
1724,/bbgid/BBG000C37Q68
1725,/bbgid/BBG000CNWGM0
1726,/bbgid/BBG000G6T5Z7
1727,/bbgid/BBG000BCBS51
1728,/bbgid/BBG000BTMSL4
1729,/bbgid/BBG000BLJLJ3
1730,/bbgid/BBG000CKB2S4
1731,/bbgid/BBG00CW88W83
1732,/bbgid/BBG000D6L294
1733,/bbgid/BBG000BBDZG3
1734,/bbgid/BBG000BSXQV7
1735,/bbgid/BBG000JDSYZ7
1736,/bbgid/BBG000C0G1D1
1737,/bbgid/BBG000BZ4996
1738,/bbgid/BBG000BCVN69
1739,/bbgid/BBG000D0PTF7
1740,/bbgid/BBG000F61GJ2
1741,/bbgid/BBG000BMW2Z0
1742,/bbgid/BBG005DKJ197
1743,/bbgid/BBG000BFW9K6
1744,/bbgid/BBG000BNDN65
1745,/bbgid/BBG00GK831B6
1746,/bbgid/BBG002Y1N8J2
1747,/bbgid/BBG000GZGZR0
1748,/bbgid/BBG000BTKRT0
1749,/bbgid/BBG000DD5X35
1750,/bbgid/BBG000Q6S3Z2
1751,/bbgid/BBG000BGGNY6
1752,/bbgid/BBG000TKFJQ7
1753,/bbgid/BBG000BYL2K2
1754,/bbgid/BBG000BZP9W7
1755,/bbgid/BBG000R7ZZX2
1756,/bbgid/BBG000BBXVK5
1757,/bbgid/BBG000Q1GK24
1758,/bbgid/BBG000BP1Q11
1759,/bbgid/BBG000DL2F84
1760,/bbgid/BBG000BHHTJ7
1761,/bbgid/BBG000CLY4M9
1762,/bbgid/BBG000BB6G37
1763,/bbgid/BBG000BCPB71
1764,/bbgid/BBG000BQ4GG2
1765,/bbgid/BBG000BMBGV6
1766,/bbgid/BBG000BHRBT4
1767,/bbgid/BBG000CG9XT7
1768,/bbgid/BBG000BWYX06
1769,/bbgid/BBG000TRJ294
1770,/bbgid/BBG000BLW530
1771,/bbgid/BBG000BGM8K7
1772,/bbgid/BBG000BQ5GY1
1773,/bbgid/BBG000BCMX30
1774,/bbgid/BBG000BFPK65
1775,/bbgid/BBG000BLBGS2
1776,/bbgid/BBG000BPWXK1
1777,/bbgid/BBG000NSCNT7
1778,/bbgid/BBG000BJ7NF1
1779,/bbgid/BBG007HRJXJ3
1780,/bbgid/BBG000BZ38W3
1781,/bbgid/BBG000CWBQC2
1782,/bbgid/BBG000BXPWL3
1783,/bbgid/BBG000BTKR92
1784,/bbgid/BBG000MHBSQ5
1785,/bbgid/BBG000BW8S60
1786,/bbgid/BBG000BZH3D0
1787,/bbgid/BBG005WQVVH4
1788,/bbgid/BBG000BC0955
1789,/bbgid/BBG000DFVMC5
1790,/bbgid/BBG000JN2XF7
1791,/bbgid/BBG000KCZPC3
1792,/bbgid/BBG003PNL0Z3
1793,/bbgid/BBG000BFZDC3
1794,/bbgid/BBG000FCF697
1795,/bbgid/BBG007PN0489
1796,/bbgid/BBG000CVRFS4
1797,/bbgid/BBG000KMVDV1
1798,/bbgid/BBG000PRZVD1
1799,/bbgid/BBG000GZYHC6
1800,/bbgid/BBG000H6PK05
1801,/bbgid/BBG000BB5B84
1802,/bbgid/BBG000BDJ1L2
1803,/bbgid/BBG000BNWG87
1804,/bbgid/BBG000HL7499
1805,/bbgid/BBG000BYX773
1806,/bbgid/BBG000BVWLJ6
1807,/bbgid/BBG000BHKML5
1808,/bbgid/BBG000BC4185
1809,/bbgid/BBG000M1LNP1
1810,/bbgid/BBG000C0RGH2
1811,/bbgid/BBG000CZCNN9
1812,/bbgid/BBG000BXHQM4
1813,/bbgid/BBG000DTMH63
1814,/bbgid/BBG000CCBBV8
1815,/bbgid/BBG000DWZWT4
1816,/bbgid/BBG000CSJWC0
1817,/bbgid/BBG000G3YP84
1818,/bbgid/BBG000CPW0C1
1819,/bbgid/BBG000CTBX52
1820,/bbgid/BBG000DB9GH7
1821,/bbgid/BBG000BCCR52
1822,/bbgid/BBG000BSHGD7
1823,/bbgid/BBG000DB3KT1
1824,/bbgid/BBG000C6YS49
1825,/bbgid/BBG000BCPT72
1826,/bbgid/BBG000BTC2N0
1827,/bbgid/BBG000BCL6Y6
1828,/bbgid/BBG000CLDD97
1829,/bbgid/BBG000BXPZB7
1830,/bbgid/BBG00KMXKWF9
1831,/bbgid/BBG000BC33T9
1832,/bbgid/BBG000BBW9W2
1833,/bbgid/BBG002PV93G6
1834,/bbgid/BBG000CV1443
1835,/bbgid/BBG000BMQPL1
1836,/bbgid/BBG000BG3VY2
1837,/bbgid/BBG00193BMY3
1838,/bbgid/BBG000F1M8C5
1839,/bbgid/BBG000BBTJZ1
1840,/bbgid/BBG000BVMZD2
1841,/bbgid/BBG000CW9BM7
1842,/bbgid/BBG000BDNV95
1843,/bbgid/BBG000BW2C07
1844,/bbgid/BBG000BBFT75
1845,/bbgid/BBG005KC4Z70
1846,/bbgid/BBG000BWCZY8
1847,/bbgid/BBG000DPP7S6
1848,/bbgid/BBG0029SH078
1849,/bbgid/BBG000BMZ7P7
1850,/bbgid/BBG000FDBX90
1851,/bbgid/BBG000C060M4
1852,/bbgid/BBG000BYD2Q5
1853,/bbgid/BBG000DV7W26
1854,/bbgid/BBG000BQQH30
1855,/bbgid/BBG000BPFFJ1
1856,/bbgid/BBG000BT9174
1857,/bbgid/BBG000JK9DK4
1858,/bbgid/BBG000BSP8F4
1859,/bbgid/BBG000BK9HB3
1860,/bbgid/BBG000BBGQF1
1861,/bbgid/BBG002537TC9
1862,/bbgid/BBG000BYMXV1
1863,/bbgid/BBG000BL8804
1864,/bbgid/BBG000CX0P89
1865,/bbgid/BBG000TP7D24
1866,/bbgid/BBG000HBTSH5
1867,/bbgid/BBG000R1YXQ9
1868,/bbgid/BBG000C48437
1869,/bbgid/BBG000QP8KT1
1870,/bbgid/BBG000BCQFD4
1871,/bbgid/BBG000DRPX50
1872,/bbgid/BBG000BH5DV1
1873,/bbgid/BBG000C4CGB6
1874,/bbgid/BBG000C0BZD1
1875,/bbgid/BBG000BZR517
1876,/bbgid/BBG00F5NYT81
1877,/bbgid/BBG001LR99L2
1878,/bbgid/BBG000BNW1S8
1879,/bbgid/BBG000BDP1P1
1880,/bbgid/BBG002CM9KF3
1881,/bbgid/BBG000BLXZN1
1882,/bbgid/BBG0015XMW40
1883,/bbgid/BBG000LJ5JP0
1884,/bbgid/BBG000BM7HL0
1885,/bbgid/BBG000C2XCD4
1886,/bbgid/BBG000Q8MHG4
1887,/bbgid/BBG000C78J55
1888,/bbgid/BBG000BLFSZ4
1889,/bbgid/BBG00HJ4P620
1890,/bbgid/BBG000CB8BZ0
1891,/bbgid/BBG000GLPHW5
1892,/bbgid/BBG000BZ2HK7
1893,/bbgid/BBG000BGRB25
1894,/bbgid/BBG000B9XYV2
1895,/bbgid/BBG000Q7P677
1896,/bbgid/BBG000BXV250
1897,/bbgid/BBG000F4F1N0
1898,/bbgid/BBG000BDS374
1899,/bbgid/BBG000BC9K06
1900,/bbgid/BBG000QD74G9
1901,/bbgid/BBG000BJJ834
1902,/bbgid/BBG000BCWK73
1903,/bbgid/BBG000GZQ728
1904,/bbgid/BBG000GZYVY1
1905,/bbgid/BBG003DNHV56
1906,/bbgid/BBG000BCGJJ1
1907,/bbgid/BBG000D6MRB5
1908,/bbgid/BBG000BZJ598
1909,/bbgid/BBG000BXQGL7
1910,/bbgid/BBG000CNNSC5
1911,/bbgid/BBG000C14JY0
1912,/bbgid/BBG000BPD168
1913,/bbgid/BBG000BLCL55
1914,/bbgid/BBG000BXLVK0
1915,/bbgid/BBG000BYZJ02
1916,/bbgid/BBG000BYD2V9
1917,/bbgid/BBG000CL6RJ3
1918,/bbgid/BBG000CZX2P0
1919,/bbgid/BBG000JYP7L8
1920,/bbgid/BBG000BTT5B8
1921,/bbgid/BBG000BF79G9
1922,/bbgid/BBG001M6CZY1
1923,/bbgid/BBG000FLKSG5
1924,/bbgid/BBG000Q1TVZ0
1925,/bbgid/BBG000C8NJ10
1926,/bbgid/BBG000BNJHS8
1927,/bbgid/BBG000CYKKX8
1928,/bbgid/BBG004MF59H0
1929,/bbgid/BBG000D79DL8
1930,/bbgid/BBG000F9XSC2
1931,/bbgid/BBG001872VY5
1932,/bbgid/BBG000G9HTM6
1933,/bbgid/BBG006Q0HY77
1934,/bbgid/BBG000R36RQ9
1935,/bbgid/BBG000D5BDF6
1936,/bbgid/BBG000DVB833
1937,/bbgid/BBG000BHLYP4
1938,/bbgid/BBG000C2D0R7
1939,/bbgid/BBG000BYWTL0
1940,/bbgid/BBG000BM0597
1941,/bbgid/BBG000C4GSK6
1942,/bbgid/BBG000BP46T2
1943,/bbgid/BBG000BNPYN9
1944,/bbgid/BBG000FQXC75
1945,/bbgid/BBG000CF5097
1946,/bbgid/BBG00C18BQN9
1947,/bbgid/BBG000RWH1V4
1948,/bbgid/BBG000BM97G6
1949,/bbgid/BBG008200KW9
1950,/bbgid/BBG00KDYT8C4
1951,/bbgid/BBG000BSLZY7
1952,/bbgid/BBG000BHWVB3
1953,/bbgid/BBG000BTPCL6
1954,/bbgid/BBG000DF0N37
1955,/bbgid/BBG000D0SMY8
1956,/bbgid/BBG000BK9W84
1957,/bbgid/BBG000PQRLZ0
1958,/bbgid/BBG000J1QLT0
1959,/bbgid/BBG004MB7Q16
1960,/bbgid/BBG000BD3F92
1961,/bbgid/BBG000BXCLN9
1962,/bbgid/BBG000QTC9Q6
1963,/bbgid/BBG000JRY671
1964,/bbgid/BBG000BR6DR3
1965,/bbgid/BBG000BV0800
1966,/bbgid/BBG003MV5763
1967,/bbgid/BBG000BCZYD3
1968,/bbgid/BBG002Z9XD93
1969,/bbgid/BBG009DWJ4X0
1970,/bbgid/BBG000BHFWZ4
1971,/bbgid/BBG000BF8TF5
1972,/bbgid/BBG000M65CM5
1973,/bbgid/BBG000BKVYJ3
1974,/bbgid/BBG000BNX223
1975,/bbgid/BBG000BXY373
1976,/bbgid/BBG000HCXFS4
1977,/bbgid/BBG000BQT4L6
1978,/bbgid/BBG000FG7LN8
1979,/bbgid/BBG000C5HSJ4
1980,/bbgid/BBG004PW84G9
1981,/bbgid/BBG000BPZBB6
1982,/bbgid/BBG000BHK836
1983,/bbgid/BBG000BCRB60
1984,/bbgid/BBG000BQ87N0
1985,/bbgid/BBG00729LTJ5
1986,/bbgid/BBG000BB7F65
1987,/bbgid/BBG000NVZ0N1
1988,/bbgid/BBG000CZCFM7
1989,/bbgid/BBG000C01N85
1990,/bbgid/BBG000BNTTY4
1991,/bbgid/BBG000FPK736
1992,/bbgid/BBG000C05DV7
1993,/bbgid/BBG000C4JX31
1994,/bbgid/BBG000BDTDW3
1995,/bbgid/BBG000BXTBW3
1996,/bbgid/BBG000C0WCH5
1997,/bbgid/BBG000BWSGF4
1998,/bbgid/BBG000BL9C59
1999,/bbgid/BBG00358K8S0
2000,/bbgid/BBG000BK2F42
2001,/bbgid/BBG000BQYCB3
2002,/bbgid/BBG000KJH5D1
2003,/bbgid/BBG00FQH6BS9
2004,/bbgid/BBG000DVHX23
2005,/bbgid/BBG00CK391H4
2006,/bbgid/BBG000BLZD12
2007,/bbgid/BBG009R10MJ9
2008,/bbgid/BBG000B9XRY4
2009,/bbgid/BBG000BXNHY4
2010,/bbgid/BBG000FP1N32
2011,/bbgid/BBG000BDLPF3
2012,/bbgid/BBG000BD9VL7
2013,/bbgid/BBG000BBL8V7
2014,/bbgid/BBG003TCRRN1
2015,/bbgid/BBG000BPDXF8
2016,/bbgid/BBG000CS8TM8
2017,/bbgid/BBG000BQ2JM1
2018,/bbgid/BBG000BS1QJ6
2019,/bbgid/BBG000BTF7N6
2020,/bbgid/BBG000BB61F7
2021,/bbgid/BBG000CGQ4F7
2022,/bbgid/BBG000BBKL85
2023,/bbgid/BBG000BW22R0
2024,/bbgid/BBG00B6BGD99
2025,/bbgid/BBG000BLH3P8
2026,/bbgid/BBG000BF23L1
2027,/bbgid/BBG000BWNFZ9
2028,/bbgid/BBG000DY6735
2029,/bbgid/BBG000BGCCC8
2030,/bbgid/BBG000BJJ8M3
2031,/bbgid/BBG000BMWV95
2032,/bbgid/BBG000BGHJ83
2033,/bbgid/BBG000BL7VL1
2034,/bbgid/BBG000BP52R2
2035,/bbgid/BBG0071N64T6
2036,/bbgid/BBG000NTPHW0
2037,/bbgid/BBG000C38D66
2038,/bbgid/BBG000BR37X2
2039,/bbgid/BBG000BJ4M84
2040,/bbgid/BBG000BYZSM8
2041,/bbgid/BBG000BYZ0Q5
2042,/bbgid/BBG000BDD940
2043,/bbgid/BBG000BJ5SS8
2044,/bbgid/BBG000BFVSG0
2045,/bbgid/BBG000BKR1D6
2046,/bbgid/BBG000PLCXC6
2047,/bbgid/BBG000BGNHF2
2048,/bbgid/BBG000BX1C88
2049,/bbgid/BBG000BG8NR3
2050,/bbgid/BBG000BT1ZY7
2051,/bbgid/BBG000C43RR5
2052,/bbgid/BBG000BG6B73
2053,/bbgid/BBG000D0V4X5
2054,/bbgid/BBG000TG66M8
2055,/bbgid/BBG00CTRXMN2
2056,/bbgid/BBG000D0FLS1
2057,/bbgid/BBG000BR74W6
2058,/bbgid/BBG000BSK299
2059,/bbgid/BBG000BS1WR4
2060,/bbgid/BBG000C2V3D6
2061,/bbgid/BBG000BF58J0
2062,/bbgid/BBG000BHQ7B3
2063,/bbgid/BBG000BMLR50
2064,/bbgid/BBG000BYZQR7
2065,/bbgid/BBG000TKZRB3
2066,/bbgid/BBG000BH5LT6
2067,/bbgid/BBG004G493C6
2068,/bbgid/BBG000KF9JY5
2069,/bbgid/BBG00GD1JMV4
2070,/bbgid/BBG000BG8NP5
2071,/bbgid/BBG000BB2KN0
2072,/bbgid/BBG00B3T3HD3
2073,/bbgid/BBG000CBMH27
2074,/bbgid/BBG000C2H3F0
2075,/bbgid/BBG000C12279
2076,/bbgid/BBG000MBDGM6
2077,/bbgid/BBG000BG7L34
2078,/bbgid/BBG000CZRZM7
2079,/bbgid/BBG000C3TZ64
2080,/bbgid/BBG000M62MY3
2081,/bbgid/BBG000BZNSD8
2082,/bbgid/BBG000DPRDJ1
2083,/bbgid/BBG001KY4N87
2084,/bbgid/BBG000BXRPH1
2085,/bbgid/BBG000Q6NYP0
2086,/bbgid/BBG000BJ2039
2087,/bbgid/BBG000JKM045
2088,/bbgid/BBG000BH3F20
2089,/bbgid/BBG000BP62Y3
2090,/bbgid/BBG000H3GDJ8
2091,/bbgid/BBG000BPBTL2
2092,/bbgid/BBG000BD1VR9
2093,/bbgid/BBG000BL4504
2094,/bbgid/BBG000NVLH13
2095,/bbgid/BBG000BDW011
2096,/bbgid/BBG000BYCJJ7
2097,/bbgid/BBG001D5DCC7
2098,/bbgid/BBG0068KVV91
2099,/bbgid/BBG000BM5SR2
2100,/bbgid/BBG000C496P7
2101,/bbgid/BBG0068RV8Z8
2102,/bbgid/BBG000P4R174
2103,/bbgid/BBG000CK8Q69
2104,/bbgid/BBG000BTJ2T7
2105,/bbgid/BBG001Y7R8L4
2106,/bbgid/BBG000BN7SF1
2107,/bbgid/BBG000BH02M0
2108,/bbgid/BBG000BJSJT2
2109,/bbgid/BBG000BLMNW0
2110,/bbgid/BBG001SF8Z89
2111,/bbgid/BBG000D2M0Z7
2112,/bbgid/BBG000BMCQY0
2113,/bbgid/BBG000C0ZW33
2114,/bbgid/BBG000M1WLY3
2115,/bbgid/BBG000FFXG89
2116,/bbgid/BBG000TXJ4H8
2117,/bbgid/BBG006NBCCW1
2118,/bbgid/BBG000BJX8C8
2119,/bbgid/BBG000BD6SQ2
2120,/bbgid/BBG000QCHMH9
2121,/bbgid/BBG000QK7PK1
2122,/bbgid/BBG000D8RG11
2123,/bbgid/BBG000BKL348
2124,/bbgid/BBG006FCB019
2125,/bbgid/BBG000BJ3G60
2126,/bbgid/BBG000KHWT55
2127,/bbgid/BBG000C7P7N2
2128,/bbgid/BBG000BWFH48
2129,/bbgid/BBG000BRRN07
2130,/bbgid/BBG00B0VKL16
2131,/bbgid/BBG005P7Q881
2132,/bbgid/BBG000BH2W88
2133,/bbgid/BBG00HTVK2F9
2134,/bbgid/BBG000BVSSR7
2135,/bbgid/BBG000BM5SM7
2136,/bbgid/BBG000CYW7N5
2137,/bbgid/BBG00JHWP4Q5
2138,/bbgid/BBG008N298Y8
2139,/bbgid/BBG000HHLBV1
2140,/bbgid/BBG000BFQYY3
2141,/bbgid/BBG00CWWQGZ5
2142,/bbgid/BBG000BYXZV4
2143,/bbgid/BBG000BZ9N54
2144,/bbgid/BBG0077Q6QJ5
2145,/bbgid/BBG000R2YFG7
2146,/bbgid/BBG000BG8M31
2147,/bbgid/BBG000BCY0G5
2148,/bbgid/BBG000BY2Y78
2149,/bbgid/BBG000FDW632
2150,/bbgid/BBG000P3Z9Q9
2151,/bbgid/BBG000BNHSP9
2152,/bbgid/BBG000BF0672
2153,/bbgid/BBG000C32KN7
2154,/bbgid/BBG000BWNV93
2155,/bbgid/BBG004MB82R0
2156,/bbgid/BBG000BPZGM3
2157,/bbgid/BBG000CTSVS3
2158,/bbgid/BBG005BTJP24
2159,/bbgid/BBG000BD8PN9
2160,/bbgid/BBG000D4F7Y7
2161,/bbgid/BBG000FYNK80
2162,/bbgid/BBG0055XMF02
2163,/bbgid/BBG000F3NBM2
2164,/bbgid/BBG003BW0JD4
2165,/bbgid/BBG000BCPVV0
2166,/bbgid/BBG000BWVSR1
2167,/bbgid/BBG00B6G8077
2168,/bbgid/BBG0064VDP03
2169,/bbgid/BBG000BVZVL8
2170,/bbgid/BBG000JX26M6
2171,/bbgid/BBG000C3GN47
2172,/bbgid/BBG000BCRMB0
2173,/bbgid/BBG001XX9KM0
2174,/bbgid/BBG001K94TK5
2175,/bbgid/BBG000BYSC87
2176,/bbgid/BBG000FVXD63
2177,/bbgid/BBG004HQLJH2
2178,/bbgid/BBG000RJ2J04
2179,/bbgid/BBG000N22GR2
2180,/bbgid/BBG000DD3KP1
2181,/bbgid/BBG000C4MWH4
2182,/bbgid/BBG000BR1HK6
2183,/bbgid/BBG000FFC0B3
2184,/bbgid/BBG000C2ND43
2185,/bbgid/BBG000HQTN56
2186,/bbgid/BBG000PKZDX4
2187,/bbgid/BBG008NZ8QC0
2188,/bbgid/BBG000BD6DY6
2189,/bbgid/BBG003QH2PC6
2190,/bbgid/BBG000J4L211
2191,/bbgid/BBG0070HYRH1
2192,/bbgid/BBG000JD15S7
2193,/bbgid/BBG000R3NQ37
2194,/bbgid/BBG000CTGXS2
2195,/bbgid/BBG000NV74Z1
2196,/bbgid/BBG000BVK3V5
2197,/bbgid/BBG000BT56P7
2198,/bbgid/BBG000BGSPS5
2199,/bbgid/BBG004P8YQ01
2200,/bbgid/BBG000KFW1C2
2201,/bbgid/BBG00GK8H5D0
2202,/bbgid/BBG000BVVQQ8
2203,/bbgid/BBG000D0FMX3
2204,/bbgid/BBG000L4M7F1
2205,/bbgid/BBG000DVB7W3
2206,/bbgid/BBG000BW1022
2207,/bbgid/BBG000FBK808
2208,/bbgid/BBG000BDB1Y6
2209,/bbgid/BBG000BZD7H1
2210,/bbgid/BBG00FZYFVC5
2211,/bbgid/BBG000M8W608
2212,/bbgid/BBG000BPSHX7
2213,/bbgid/BBG000C3KGT0
2214,/bbgid/BBG000BP7CL4
2215,/bbgid/BBG000BCNST2
2216,/bbgid/BBG000H556T9
2217,/bbgid/BBG000BT1715
2218,/bbgid/BBG000BYK036
2219,/bbgid/BBG000CVD440
2220,/bbgid/BBG000H9G7X2
2221,/bbgid/BBG000CZQNZ1
2222,/bbgid/BBG000C1FB75
2223,/bbgid/BBG000BW06R3
2224,/bbgid/BBG000BBKTP9
2225,/bbgid/BBG000BCWSS3
2226,/bbgid/BBG000BNF508
2227,/bbgid/BBG000FVXCL8
2228,/bbgid/BBG000FWGL44
2229,/bbgid/BBG000D17GK7
2230,/bbgid/BBG000G5DCS9
2231,/bbgid/BBG000R40ZV9
2232,/bbgid/BBG006G57XG0
2233,/bbgid/BBG000DWJZM2
2234,/bbgid/BBG000KJP3V7
2235,/bbgid/BBG000PN1SJ8
2236,/bbgid/BBG000C7B436
2237,/bbgid/BBG000LQ5VT3
2238,/bbgid/BBG00L17G133
2239,/bbgid/BBG000NFPF36
2240,/bbgid/BBG004MN1R41
2241,/bbgid/BBG006R5ZKC9
2242,/bbgid/BBG001CBC4Y0
2243,/bbgid/BBG000C60K98
2244,/bbgid/BBG000FY4S11
2245,/bbgid/BBG000NS26Q8
2246,/bbgid/BBG000R6KNB1
2247,/bbgid/BBG0017DRN10
2248,/bbgid/BBG000C7MSX8
2249,/bbgid/BBG000BVL2G3
2250,/bbgid/BBG000BPL8G3
2251,/bbgid/BBG000D7HF89
2252,/bbgid/BBG001QYKF35
2253,/bbgid/BBG000BBD178
2254,/bbgid/BBG000CZS3Q3
2255,/bbgid/BBG000BZ70W6
2256,/bbgid/BBG000DQN9R3
2257,/bbgid/BBG000BBH316
2258,/bbgid/BBG000F86GP6
2259,/bbgid/BBG000C0GL92
2260,/bbgid/BBG000CTV4N4
2261,/bbgid/BBG000BDF0G4
2262,/bbgid/BBG000F1ZSN5
2263,/bbgid/BBG000JQ42W7
2264,/bbgid/BBG000PR2ZP5
2265,/bbgid/BBG0044K5DM4
2266,/bbgid/BBG000BHZ5J9
2267,/bbgid/BBG0016N78S5
2268,/bbgid/BBG000BQX2N3
2269,/bbgid/BBG000V9BBQ0
2270,/bbgid/BBG000JGNX23
2271,/bbgid/BBG000BCBCD7
2272,/bbgid/BBG000C1LZX6
2273,/bbgid/BBG000BTPZ26
2274,/bbgid/BBG000BH2BP5
2275,/bbgid/BBG000BK67C7
2276,/bbgid/BBG003FMFBG0
2277,/bbgid/BBG000BGP1L8
2278,/bbgid/BBG000F3CWW7
2279,/bbgid/BBG000BTYD70
2280,/bbgid/BBG000DHSPT0
2281,/bbgid/BBG000D2M6H4
2282,/bbgid/BBG000BW04L4
2283,/bbgid/BBG000FV1Z23
2284,/bbgid/BBG000BVK0M1
2285,/bbgid/BBG000CN80Y9
2286,/bbgid/BBG000BJYZD6
2287,/bbgid/BBG000F4W650
2288,/bbgid/BBG000C3TSG9
2289,/bbgid/BBG000JDGKJ8
2290,/bbgid/BBG000BRDSX5
2291,/bbgid/BBG000JWS4F3
2292,/bbgid/BBG000GMHBH2
2293,/bbgid/BBG000P87B57
2294,/bbgid/BBG000GF2LH1
2295,/bbgid/BBG000DNBK89
2296,/bbgid/BBG000BBFGG3
2297,/bbgid/BBG000BM4XT0
2298,/bbgid/BBG000BQPC32
2299,/bbgid/BBG000BYTR65
2300,/bbgid/BBG000G1JDF4
2301,/bbgid/BBG000L47LK1
2302,/bbgid/BBG000H1RYG7
2303,/bbgid/BBG000QJ8QW8
2304,/bbgid/BBG00384XTD2
2305,/bbgid/BBG000MLGY42
2306,/bbgid/BBG000BQ1GP5
2307,/bbgid/BBG000BS8F94
2308,/bbgid/BBG000BV59Y6
2309,/bbgid/BBG000BQV317
2310,/bbgid/BBG000BRW644
2311,/bbgid/BBG000H20336
2312,/bbgid/BBG000BC1L02
2313,/bbgid/BBG000K8PTB6
2314,/bbgid/BBG000BR3012
2315,/bbgid/BBG000BBLPH5
2316,/bbgid/BBG000BJZZX3
2317,/bbgid/BBG009CL5J76
2318,/bbgid/BBG000DZK6N6
2319,/bbgid/BBG000DL6MG6
2320,/bbgid/BBG000BPSCR5
2321,/bbgid/BBG000BLZFL5
2322,/bbgid/BBG000RDYPQ0
2323,/bbgid/BBG000BGZ832
2324,/bbgid/BBG000BG1SX2
2325,/bbgid/BBG000BWGYF8
2326,/bbgid/BBG000DLH1T6
2327,/bbgid/BBG000BMY992
2328,/bbgid/BBG000RKXRQ1
2329,/bbgid/BBG000K0KW21
2330,/bbgid/BBG000BLF8D2
2331,/bbgid/BBG000BSR5N9
2332,/bbgid/BBG000HRCTX8
2333,/bbgid/BBG000BH0106
2334,/bbgid/BBG000QFJJW0
2335,/bbgid/BBG000VCTVV4
2336,/bbgid/BBG000BNKN21
2337,/bbgid/BBG000CR20B1
2338,/bbgid/BBG000BR83Z4
2339,/bbgid/BBG000BXDFS6
2340,/bbgid/BBG000HHH6J1
2341,/bbgid/BBG000BRNGM2
2342,/bbgid/BBG000C2L2L0
2343,/bbgid/BBG000N2Q572
2344,/bbgid/BBG000PRZNN8
2345,/bbgid/BBG004SCC0R1
2346,/bbgid/BBG000BDJ2F7
2347,/bbgid/BBG000F7GST7
2348,/bbgid/BBG000DSQLQ0
2349,/bbgid/BBG000C1FQS9
2350,/bbgid/BBG000BZ6FG2
2351,/bbgid/BBG000C3J3C9
2352,/bbgid/BBG000L2Q7C4
2353,/bbgid/BBG008473T87
2354,/bbgid/BBG000BWRY66
2355,/bbgid/BBG000Q7TZN1
2356,/bbgid/BBG005C9FQQ3
2357,/bbgid/BBG000BVJ702
2358,/bbgid/BBG000MWCTR8
2359,/bbgid/BBG000DTSXC5
2360,/bbgid/BBG000BDSQB8
2361,/bbgid/BBG000BM3CJ8
2362,/bbgid/BBG000BC26P7
2363,/bbgid/BBG000BH98B0
2364,/bbgid/BBG000G718L4
2365,/bbgid/BBG000M814N2
2366,/bbgid/BBG000BWT5X7
2367,/bbgid/BBG00MT78G46
2368,/bbgid/BBG000KSMLN9
2369,/bbgid/BBG000C35SQ4
2370,/bbgid/BBG000CLP0Y4
2371,/bbgid/BBG001P717K5
2372,/bbgid/BBG000D6X4L3
2373,/bbgid/BBG000BDPPR6
2374,/bbgid/BBG000BZYZB2
2375,/bbgid/BBG000BX2YN2
2376,/bbgid/BBG000BM3HK5
2377,/bbgid/BBG000CD5C05
2378,/bbgid/BBG000BS7KS3
2379,/bbgid/BBG000LK07B3
2380,/bbgid/BBG000DKQDS3
2381,/bbgid/BBG00PKQGVM4
2382,/bbgid/BBG000DDG8B9
2383,/bbgid/BBG004MYLHK9
2384,/bbgid/BBG000BXYW97
2385,/bbgid/BBG000BNJTC9
2386,/bbgid/BBG000H95997
2387,/bbgid/BBG0020B54Q8
2388,/bbgid/BBG000C4X037
2389,/bbgid/BBG000K4J3T0
2390,/bbgid/BBG000BPV998
2391,/bbgid/BBG000F7XWR1
2392,/bbgid/BBG000CNWNL6
2393,/bbgid/BBG000DCGM20
2394,/bbgid/BBG000BKB811
2395,/bbgid/BBG000BZ8G87
2396,/bbgid/BBG000BXXRN3
2397,/bbgid/BBG000BYQSK0
2398,/bbgid/BBG000C20FG0
2399,/bbgid/BBG000BLVT39
2400,/bbgid/BBG000BHPL78
2401,/bbgid/BBG000C30L48
2402,/bbgid/BBG000C2R8K2
2403,/bbgid/BBG000BYRVF8
2404,/bbgid/BBG000G6Y5W4
2405,/bbgid/BBG000BQGHT3
2406,/bbgid/BBG000PKMTW4
2407,/bbgid/BBG000VHQVD6
2408,/bbgid/BBG000BV6R84
2409,/bbgid/BBG000BTTWC8
2410,/bbgid/BBG000BCVG28
2411,/bbgid/BBG000BGPVW0
2412,/bbgid/BBG000BB67F4
2413,/bbgid/BBG000C3N1N6
2414,/bbgid/BBG000BCZL41
2415,/bbgid/BBG000CYN4J7
2416,/bbgid/BBG000M9KP89
2417,/bbgid/BBG000BRN895
2418,/bbgid/BBG000BB6H99
2419,/bbgid/BBG003CVMLQ2
2420,/bbgid/BBG000F0GF83
2421,/bbgid/BBG000BWXBC2
2422,/bbgid/BBG000BC4JP7
2423,/bbgid/BBG000BCFXT0
2424,/bbgid/BBG000BFQ7K7
2425,/bbgid/BBG000BHWFN5
2426,/bbgid/BBG000BW0BB9
2427,/bbgid/BBG000TS4FG1
2428,/bbgid/BBG000BDVP80
2429,/bbgid/BBG000BWZBT2
2430,/bbgid/BBG000JK57G6
2431,/bbgid/BBG000CX51W0
2432,/bbgid/BBG000C2P5L9
2433,/bbgid/BBG000F05ZL6
2434,/bbgid/BBG000CTQBQ1
2435,/bbgid/BBG000PFSPQ4
2436,/bbgid/BBG000FBJQM6
2437,/bbgid/BBG000BLKK03
2438,/bbgid/BBG000DNLMB0
2439,/bbgid/BBG00JM9SL98
2440,/bbgid/BBG000G4J9J3
2441,/bbgid/BBG000BL5W86
2442,/bbgid/BBG000QDQ4F9
2443,/bbgid/BBG000MZYM65
2444,/bbgid/BBG000BXX668
2445,/bbgid/BBG000F161Q3
2446,/bbgid/BBG000GFD3R8
2447,/bbgid/BBG000BFVZ83
2448,/bbgid/BBG000BZDMZ8
2449,/bbgid/BBG000BTT3D1
2450,/bbgid/BBG000BLGH05
2451,/bbgid/BBG000BC4JJ4
2452,/bbgid/BBG000BLMDQ9
2453,/bbgid/BBG000BYVK30
2454,/bbgid/BBG008N1HXP6
2455,/bbgid/BBG000CNZC55
2456,/bbgid/BBG000BVD6X4
2457,/bbgid/BBG000BFF550
2458,/bbgid/BBG008NVFMN8
2459,/bbgid/BBG0093LLBM8
2460,/bbgid/BBG000CBC7D8
2461,/bbgid/BBG000PMWKL0
2462,/bbgid/BBG000BM1Q09
2463,/bbgid/BBG000G04792
2464,/bbgid/BBG000BM2FL9
2465,/bbgid/BBG000F7GZG5
2466,/bbgid/BBG000BM9CT1
2467,/bbgid/BBG000GGLZZ7
2468,/bbgid/BBG000FVJ5K0
2469,/bbgid/BBG000C2PL98
2470,/bbgid/BBG00KHY5S69
2471,/bbgid/BBG000BXWF96
2472,/bbgid/BBG000BV95H9
2473,/bbgid/BBG000Q3VXP0
2474,/bbgid/BBG000J00LT0
2475,/bbgid/BBG000BJ8GB9
2476,/bbgid/BBG000Q5BQ63
2477,/bbgid/BBG000BLRP41
2478,/bbgid/BBG000BBLQV7
2479,/bbgid/BBG000FRZWN9
2480,/bbgid/BBG000C4Q6J5
2481,/bbgid/BBG001KJLYZ7
2482,/bbgid/BBG000DBVBY4
2483,/bbgid/BBG000CPZ0F5
2484,/bbgid/BBG000C42WS4
2485,/bbgid/BBG000DYF5S2
2486,/bbgid/BBG000BGJYL3
2487,/bbgid/BBG000BCH387
2488,/bbgid/BBG000BCD4H9
2489,/bbgid/BBG000BJBZ23
2490,/bbgid/BBG000BCB3K9
2491,/bbgid/BBG000SR92R6
2492,/bbgid/BBG002PHSYX9
2493,/bbgid/BBG000J79P80
2494,/bbgid/BBG00FY94WC1
2495,/bbgid/BBG000QR6MQ8
2496,/bbgid/BBG000BH37H2
2497,/bbgid/BBG000BCG226
2498,/bbgid/BBG000G3RXX7
2499,/bbgid/BBG000BQJ5G0
2500,/bbgid/BBG000BF3WW4
2501,/bbgid/BBG000C2TQV8
2502,/bbgid/BBG000DG2CT9
2503,/bbgid/BBG000FJRZ68
2504,/bbgid/BBG00GTR70S5
2505,/bbgid/BBG000BLNZL4
2506,/bbgid/BBG000BGKTF9
2507,/bbgid/BBG000NX4TC0
2508,/bbgid/BBG000BMFNP4
2509,/bbgid/BBG005497GZ3
2510,/bbgid/BBG000BHZ4J2
2511,/bbgid/BBG000FFDM15
2512,/bbgid/BBG000D9KWL9
2513,/bbgid/BBG00699HCV8
2514,/bbgid/BBG000PMY9R7
2515,/bbgid/BBG000BL9MZ4
2516,/bbgid/BBG000HV3SG0
2517,/bbgid/BBG000BKDZY3
2518,/bbgid/BBG000RGW5V3
2519,/bbgid/BBG000BXXSP9
2520,/bbgid/BBG000BT0G52
2521,/bbgid/BBG000BNQN34
2522,/bbgid/BBG000BX3BL3
2523,/bbgid/BBG000BKTFN2
2524,/bbgid/BBG000QDT8Z5
2525,/bbgid/BBG000BN38Z7
2526,/bbgid/BBG000QQV8V7
2527,/bbgid/BBG000BB5BF6
2528,/bbgid/BBG000BJ2VQ6
2529,/bbgid/BBG00658F3P3
2530,/bbgid/BBG000PCNGL1
2531,/bbgid/BBG000BHQJX3
2532,/bbgid/BBG000N50DW8
2533,/bbgid/BBG000BM6788
2534,/bbgid/BBG000BY1KG9
2535,/bbgid/BBG000F7RCJ1
2536,/bbgid/BBG000BJ41X2
2537,/bbgid/BBG000BT5PG5
2538,/bbgid/BBG000BQ36B0
2539,/bbgid/BBG000LJS6B8
2540,/bbgid/BBG003BW05K6
2541,/bbgid/BBG000C2ZCH8
2542,/bbgid/BBG000BW7XB4
2543,/bbgid/BBG000BXK6C5
2544,/bbgid/BBG0036PH2T7
2545,/bbgid/BBG000BV5627
2546,/bbgid/BBG000BXNJ07
2547,/bbgid/BBG000BJMHG6
2548,/bbgid/BBG000BLFQD2
2549,/bbgid/BBG000H3YXF8
2550,/bbgid/BBG000C8D8G9
2551,/bbgid/BBG000HG25G4
2552,/bbgid/BBG000NF3BG5
2553,/bbgid/BBG000PVF015
2554,/bbgid/BBG000BGYMH7
2555,/bbgid/BBG000GQPB11
2556,/bbgid/BBG005DPDC25
2557,/bbgid/BBG000HCJMF9
2558,/bbgid/BBG000BQDXP5
2559,/bbgid/BBG000DJF0C3
2560,/bbgid/BBG008QQCJ65
2561,/bbgid/BBG000BHX7N2
2562,/bbgid/BBG000BMFFQ0
2563,/bbgid/BBG000F61H73
2564,/bbgid/BBG000BCSST7
2565,/bbgid/BBG000BR2TH3
2566,/bbgid/BBG000C00PJ9
2567,/bbgid/BBG001LFLZZ1
2568,/bbgid/BBG000NFKDB7
2569,/bbgid/BBG000BW4BT6
2570,/bbgid/BBG000L5R950
2571,/bbgid/BBG0019JZ882
2572,/bbgid/BBG000P458P3
2573,/bbgid/BBG000HL4L03
2574,/bbgid/BBG001766599
2575,/bbgid/BBG000DLD469
2576,/bbgid/BBG000BYNDR9
2577,/bbgid/BBG000NRVQJ2
2578,/bbgid/BBG000BF3BG8
2579,/bbgid/BBG00582TDZ7
2580,/bbgid/BBG000BDDNH5
2581,/bbgid/BBG00265T6Q4
2582,/bbgid/BBG000DZJVH0
2583,/bbgid/BBG000C1HN22
2584,/bbgid/BBG00KXRCDP0
2585,/bbgid/BBG0021H6Y05
2586,/bbgid/BBG000DH7JK6
2587,/bbgid/BBG000L8CBX4
2588,/bbgid/BBG000BDQW54
2589,/bbgid/BBG000BGGG17
2590,/bbgid/BBG000D01681
2591,/bbgid/BBG000G81WK0
2592,/bbgid/BBG000BTCH57
2593,/bbgid/BBG000D5TLG8
2594,/bbgid/BBG000BC6SL9
2595,/bbgid/BBG000RTNP69
2596,/bbgid/BBG001K9JH07
2597,/bbgid/BBG000BF85K1
2598,/bbgid/BBG000CYSFS7
2599,/bbgid/BBG000BB6M98
2600,/bbgid/BBG000BHCJX8
2601,/bbgid/BBG00D1WLVH9
2602,/bbgid/BBG000BTF4X2
2603,/bbgid/BBG000BT68C6
2604,/bbgid/BBG000BW1LS8
2605,/bbgid/BBG000BP02D2
2606,/bbgid/BBG000C47BN0
2607,/bbgid/BBG000BKNX95
2608,/bbgid/BBG000BC2C10
2609,/bbgid/BBG000CL1FG7
2610,/bbgid/BBG001WWJTK5
2611,/bbgid/BBG000G3QLY3
2612,/bbgid/BBG000NV1YC6
2613,/bbgid/BBG005KLVW13
2614,/bbgid/BBG000BRM155
2615,/bbgid/BBG000J5Q6L2
2616,/bbgid/BBG000BTH4T5
2617,/bbgid/BBG000CGWSJ3
2618,/bbgid/BBG000BDPZ58
2619,/bbgid/BBG000J8G1V7
2620,/bbgid/BBG000BCHS19
2621,/bbgid/BBG000BG0WJ0
2622,/bbgid/BBG000DWK001
2623,/bbgid/BBG000BKT8B1
2624,/bbgid/BBG000BH93Y6
2625,/bbgid/BBG000C0B093
2626,/bbgid/BBG000BDR7K1
2627,/bbgid/BBG000BFYB47
2628,/bbgid/BBG000BS73J1
2629,/bbgid/BBG00P2HLNY3
2630,/bbgid/BBG000CHBFQ4
2631,/bbgid/BBG0059JSF49
2632,/bbgid/BBG000P2NG15
2633,/bbgid/BBG000BBFL09
2634,/bbgid/BBG0086BLKY6
2635,/bbgid/BBG000F3FBL2
2636,/bbgid/BBG000BT7JW9
2637,/bbgid/BBG000BDVMB3
2638,/bbgid/BBG00K6988R4
2639,/bbgid/BBG006S1YW78
2640,/bbgid/BBG000C4G8K0
2641,/bbgid/BBG000BKN0V2
2642,/bbgid/BBG000BQVTF5
2643,/bbgid/BBG000FSKD19
2644,/bbgid/BBG000L99FP6
2645,/bbgid/BBG000K2DLS1
2646,/bbgid/BBG000BJNBB3
2647,/bbgid/BBG005PWSVQ3
2648,/bbgid/BBG000FH5YM1
2649,/bbgid/BBG0058KMH30
2650,/bbgid/BBG000FMV3P6
2651,/bbgid/BBG000NSQZS6
2652,/bbgid/BBG000CRS9Q8
2653,/bbgid/BBG000BPPN67
2654,/bbgid/BBG00NX1GR67
2655,/bbgid/BBG000BZ2Y20
2656,/bbgid/BBG00D9P14X0
2657,/bbgid/BBG000C22QV7
2658,/bbgid/BBG000QT3F73
2659,/bbgid/BBG000BHY9T1
2660,/bbgid/BBG000D61MB9
2661,/bbgid/BBG000KNZ6D0
2662,/bbgid/BBG000M2NYQ2
2663,/bbgid/BBG000PML802
2664,/bbgid/BBG000BB5373
2665,/bbgid/BBG000BB5783
2666,/bbgid/BBG000CZ7D57
2667,/bbgid/BBG000JCZJS2
2668,/bbgid/BBG000J0LC17
2669,/bbgid/BBG000DTT624
2670,/bbgid/BBG000BCD844
2671,/bbgid/BBG000BGBTC2
2672,/bbgid/BBG000BMLVJ6
2673,/bbgid/BBG005PV1PR6
2674,/bbgid/BBG009CQCCH1
2675,/bbgid/BBG008G2P3M2
2676,/bbgid/BBG000BCVJ77
2677,/bbgid/BBG000BGCQT9
2678,/bbgid/BBG000TJ8XZ7
2679,/bbgid/BBG000MG3Y65
2680,/bbgid/BBG000HDJT35
2681,/bbgid/BBG000CPCVY1
2682,/bbgid/BBG000G0Z878
2683,/bbgid/BBG000D3C0S4
2684,/bbgid/BBG000BWJXT2
2685,/bbgid/BBG000BC3D35
2686,/bbgid/BBG000BDMW76
2687,/bbgid/BBG000BH9955
2688,/bbgid/BBG000BJ0H70
2689,/bbgid/BBG000BL16Q7
2690,/bbgid/BBG000PTZMV7
2691,/bbgid/BBG000BDXTG1
2692,/bbgid/BBG000C08GG4
2693,/bbgid/BBG000BMX289
2694,/bbgid/BBG004D379Q5
2695,/bbgid/BBG000BB8SW7
2696,/bbgid/BBG000F83JZ2
2697,/bbgid/BBG000BDMDT4
2698,/bbgid/BBG000BB92C5
2699,/bbgid/BBG000JNJPB0
2700,/bbgid/BBG000BGVC19
2701,/bbgid/BBG001KJ2HM9
2702,/bbgid/BBG0035LY913
2703,/bbgid/BBG000BVL497
2704,/bbgid/BBG000BGMC46
2705,/bbgid/BBG005L7VYX4
2706,/bbgid/BBG000BMGPW0
2707,/bbgid/BBG000BSKFP2
2708,/bbgid/BBG000G2ZK31
2709,/bbgid/BBG000H7LBD3
2710,/bbgid/BBG000BWLZX9
2711,/bbgid/BBG000C0RS40
2712,/bbgid/BBG000BX7818
2713,/bbgid/BBG001NQ7774
2714,/bbgid/BBG000BQ4J67
2715,/bbgid/BBG000BQTMJ9
2716,/bbgid/BBG00DZB5D77
2717,/bbgid/BBG000C15T59
2718,/bbgid/BBG008B5CF29
2719,/bbgid/BBG000BQJHF5
2720,/bbgid/BBG000BC5YY3
2721,/bbgid/BBG000GB7DC8
2722,/bbgid/BBG000D898T9
2723,/bbgid/BBG000BD0TF8
2724,/bbgid/BBG000C0QCK8
2725,/bbgid/BBG000BJFVZ2
2726,/bbgid/BBG000BB4LK9
2727,/bbgid/BBG00D1WNBL6
2728,/bbgid/BBG000Q3YV62
2729,/bbgid/BBG000BTR593
2730,/bbgid/BBG000C9GH56
2731,/bbgid/BBG000BJVN28
2732,/bbgid/BBG000BR3KL6
2733,/bbgid/BBG000LGP1K8
2734,/bbgid/BBG000HR3766
2735,/bbgid/BBG000BDYD84
2736,/bbgid/BBG000CL1HL7
2737,/bbgid/BBG000BNLC97
2738,/bbgid/BBG001DCR685
2739,/bbgid/BBG000BBQRN9
2740,/bbgid/BBG000D06MN4
2741,/bbgid/BBG001LRKS55
2742,/bbgid/BBG000C0R327
2743,/bbgid/BBG000PKBR05
2744,/bbgid/BBG000RC44S0
2745,/bbgid/BBG000F4P4Z0
2746,/bbgid/BBG000PTP9J1
2747,/bbgid/BBG000DNF659
2748,/bbgid/BBG006FD67J9
2749,/bbgid/BBG000GDSKT7
2750,/bbgid/BBG002VZ68Y2
2751,/bbgid/BBG000F02T51
2752,/bbgid/BBG000G28J25
2753,/bbgid/BBG000BY29C7
2754,/bbgid/BBG004Q00KS7
2755,/bbgid/BBG000HF28Q9
2756,/bbgid/BBG000BTQNQ6
2757,/bbgid/BBG000BP9WJ1
2758,/bbgid/BBG000BWSZT7
2759,/bbgid/BBG0081VHTP3
2760,/bbgid/BBG000BVJ926
2761,/bbgid/BBG000Q3TSJ1
2762,/bbgid/BBG000TGXB29
2763,/bbgid/BBG000QS5BN4
2764,/bbgid/BBG000D4YTR6
2765,/bbgid/BBG000FSXPV5
2766,/bbgid/BBG000BWK9J4
2767,/bbgid/BBG000D7P047
2768,/bbgid/BBG003HBPFW4
2769,/bbgid/BBG000C1XVK6
2770,/bbgid/BBG000BJ49H3
2771,/bbgid/BBG000CVWGS6
2772,/bbgid/BBG000C0BT45
2773,/bbgid/BBG000QC4T33
2774,/bbgid/BBG000KNZ4G2
2775,/bbgid/BBG000BS5170
2776,/bbgid/BBG000BKRSZ3
2777,/bbgid/BBG000BCTKG7
2778,/bbgid/BBG000BKY1G5
2779,/bbgid/BBG000F964B6
2780,/bbgid/BBG000G21FS2
2781,/bbgid/BBG000NTBJJ6
2782,/bbgid/BBG000M4M6Q0
2783,/bbgid/BBG000PQPCM6
2784,/bbgid/BBG000BWSV34
2785,/bbgid/BBG000GKBN13
2786,/bbgid/BBG00HZ69KP9
2787,/bbgid/BBG000BQZZ67
2788,/bbgid/BBG000F4HKP4
2789,/bbgid/BBG000BTJHG8
2790,/bbgid/BBG000BV8DN6
2791,/bbgid/BBG000BFSND8
2792,/bbgid/BBG000J0D904
2793,/bbgid/BBG000BRRG02
2794,/bbgid/BBG000Q3TBY1
2795,/bbgid/BBG000BR89C6
2796,/bbgid/BBG000BW29L1
2797,/bbgid/BBG000BF3VV7
2798,/bbgid/BBG000L8QG77
2799,/bbgid/BBG000GJ1384
2800,/bbgid/BBG000C3CNZ7
2801,/bbgid/BBG0078W3NQ3
2802,/bbgid/BBG000BG5ZR9
2803,/bbgid/BBG000BZ5DL2
2804,/bbgid/BBG000BFJT36
2805,/bbgid/BBG000BG3445
2806,/bbgid/BBG000BWB7V4
2807,/bbgid/BBG001CGD2R0
2808,/bbgid/BBG000C23KJ3
2809,/bbgid/BBG00DM434G9
2810,/bbgid/BBG000TCD088
2811,/bbgid/BBG000BL6138
2812,/bbgid/BBG000BPH459
2813,/bbgid/BBG000C2PW58
2814,/bbgid/BBG00GQVWWP4
2815,/bbgid/BBG004Z1PW11
2816,/bbgid/BBG00B9C2J50
2817,/bbgid/BBG000BBCG03
2818,/bbgid/BBG000TDCVT6
2819,/bbgid/BBG000BHJBV0
2820,/bbgid/BBG000C8H633
2821,/bbgid/BBG000BBCDZ2
2822,/bbgid/BBG000BC2490
2823,/bbgid/BBG000K8N6N5
2824,/bbgid/BBG000PM18B2
2825,/bbgid/BBG000BZTJQ8
2826,/bbgid/BBG000BZMZ43
2827,/bbgid/BBG000BJGGV8
2828,/bbgid/BBG007PN0JL1
2829,/bbgid/BBG000BGHRW8
2830,/bbgid/BBG005DLS9N2
2831,/bbgid/BBG000QRMZH1
2832,/bbgid/BBG000BBS2Y0
2833,/bbgid/BBG000BW8GN7
2834,/bbgid/BBG000C23PB0
2835,/bbgid/BBG000BGYJF6
2836,/bbgid/BBG003D8Y833
2837,/bbgid/BBG000C46HM9
2838,/bbgid/BBG000BLTGX7
2839,/bbgid/BBG000BPXVJ6
2840,/bbgid/BBG000BB29X4
2841,/bbgid/BBG000BCPZR6
2842,/bbgid/BBG000B9Z0J8
2843,/bbgid/BBG000C4Q0W3
2844,/bbgid/BBG000BZMX75
2845,/bbgid/BBG001S5YM72
2846,/bbgid/BBG000BCGY99
2847,/bbgid/BBG000GYLFT9
2848,/bbgid/BBG000BNBGF2
2849,/bbgid/BBG000BVXS46
2850,/bbgid/BBG000BGT0Q1
2851,/bbgid/BBG000BCPKH0
2852,/bbgid/BBG000BTQQK5
2853,/bbgid/BBG000K1T9L0
2854,/bbgid/BBG000B9WJW5
2855,/bbgid/BBG000BKGXQ4
2856,/bbgid/BBG000FH8PX5
2857,/bbgid/BBG000DBKCQ3
2858,/bbgid/BBG000BL2757
2859,/bbgid/BBG000BV7QM9
2860,/bbgid/BBG000BXYMJ8
2861,/bbgid/BBG000BCHCW0
2862,/bbgid/BBG000C90DH9
2863,/bbgid/BBG000BWPP85
2864,/bbgid/BBG000GQ7K93
2865,/bbgid/BBG000BGGTW5
2866,/bbgid/BBG000GSC7W6
2867,/bbgid/BBG000BCQM58
2868,/bbgid/BBG00FN64XT9
2869,/bbgid/BBG000BQHTV3
2870,/bbgid/BBG000BK6MB5
2871,/bbgid/BBG000BV0VK7
2872,/bbgid/BBG000CHPMY5
2873,/bbgid/BBG000C2W2R2
2874,/bbgid/BBG000BZNKL6
2875,/bbgid/BBG000BPT0C6
2876,/bbgid/BBG000BZS8C8
2877,/bbgid/BBG005T5RWR6
2878,/bbgid/BBG000BCNKJ0
2879,/bbgid/BBG00BLVZ228
2880,/bbgid/BBG000BKZTP3
2881,/bbgid/BBG000LQZR46
2882,/bbgid/BBG005D0NN61
2883,/bbgid/BBG000C3VHF1
2884,/bbgid/BBG000C3F1V6
2885,/bbgid/BBG000CX99M0
2886,/bbgid/BBG000KN6TT5
2887,/bbgid/BBG000C93HM1
2888,/bbgid/BBG000PT1DW3
2889,/bbgid/BBG00B6BFWH9
2890,/bbgid/BBG000BW2QX0
2891,/bbgid/BBG000BRYSR9
2892,/bbgid/BBG000BWVCP8
2893,/bbgid/BBG000GHZSZ6
2894,/bbgid/BBG000PSJMV7
2895,/bbgid/BBG000C33LV5
2896,/bbgid/BBG000BBVJZ8
2897,/bbgid/BBG00HZRFTV0
2898,/bbgid/BBG000HGYNZ9
2899,/bbgid/BBG000F006R9
2900,/bbgid/BBG000C47X16
2901,/bbgid/BBG000DHFBX0
2902,/bbgid/BBG000BKQG80
2903,/bbgid/BBG000BVV7G1
2904,/bbgid/BBG000BCTQ65
2905,/bbgid/BBG000NV9P55
2906,/bbgid/BBG000BNSZP1
2907,/bbgid/BBG004K1F8W7
2908,/bbgid/BBG000Q1BJS4
2909,/bbgid/BBG000BQQKG9
2910,/bbgid/BBG000BZBJ96
2911,/bbgid/BBG000BC85L7
2912,/bbgid/BBG000BQY289
2913,/bbgid/BBG001V9VY04
2914,/bbgid/BBG000R22565
2915,/bbgid/BBG000F4DVC8
2916,/bbgid/BBG000BQLTW7
2917,/bbgid/BBG000C2FPB7
2918,/bbgid/BBG000BBHGH0
2919,/bbgid/BBG000QDVR53
2920,/bbgid/BBG000CTM4J9
2921,/bbgid/BBG000Q3JN03
2922,/bbgid/BBG000C1PFY5
2923,/bbgid/BBG000CX9637
2924,/bbgid/BBG000BYJRB0
2925,/bbgid/BBG000BRS4P1
2926,/bbgid/BBG000PRDJQ8
2927,/bbgid/BBG000C1BW00
2928,/bbgid/BBG000D0M3Z5
2929,/bbgid/BBG000QVWX13
2930,/bbgid/BBG000BFJFX3
2931,/bbgid/BBG000KF6PC8
2932,/bbgid/BBG000C44CB4
2933,/bbgid/BBG005ZVDK48
2934,/bbgid/BBG000C4Z6C2
2935,/bbgid/BBG000QT43H8
2936,/bbgid/BBG000BCMWM1
2937,/bbgid/BBG000BP3NW2
2938,/bbgid/BBG000FFFQR6
2939,/bbgid/BBG000BVDLH9
2940,/bbgid/BBG000BFS7D3
2941,/bbgid/BBG002N85D08
2942,/bbgid/BBG000C2LGC9
2943,/bbgid/BBG00HSH1ZC2
2944,/bbgid/BBG000DGZGC2
2945,/bbgid/BBG000J06K07
2946,/bbgid/BBG000BBCQD7
2947,/bbgid/BBG000RG2DN8
2948,/bbgid/BBG000C7QK61
2949,/bbgid/BBG000FTRYP8
2950,/bbgid/BBG000BG4LG3
2951,/bbgid/BBG000BW5PV1
2952,/bbgid/BBG000BWQLY4
2953,/bbgid/BBG000LCGF35
2954,/bbgid/BBG000BW88Q2
2955,/bbgid/BBG000DS5588
2956,/bbgid/BBG000BDNB35
2957,/bbgid/BBG000C2JF07
2958,/bbgid/BBG000BCZDB1
2959,/bbgid/BBG009H33QM0
2960,/bbgid/BBG000BFYN41
2961,/bbgid/BBG0080Q5RR0
2962,/bbgid/BBG000Q92C66
2963,/bbgid/BBG000GM1PH8
2964,/bbgid/BBG000CDC049
2965,/bbgid/BBG000QSM8F1
2966,/bbgid/BBG000PRCP49
2967,/bbgid/BBG000BF73Y2
2968,/bbgid/BBG000BGJJX3
2969,/bbgid/BBG00D1WSGP6
2970,/bbgid/BBG000BRLWY6
2971,/bbgid/BBG000F0K2T4
2972,/bbgid/BBG00FSCQ331
2973,/bbgid/BBG000BD0BV9
2974,/bbgid/BBG000BNSKG4
2975,/bbgid/BBG000DJ61P7
2976,/bbgid/BBG000BS0N59
2977,/bbgid/BBG000CY93K3
2978,/bbgid/BBG003LP1L33
2979,/bbgid/BBG000BYX871
2980,/bbgid/BBG005H82GB2
2981,/bbgid/BBG000BC6L61
2982,/bbgid/BBG000HJ82S6
2983,/bbgid/BBG000C1X3X4
2984,/bbgid/BBG000BGRY34
2985,/bbgid/BBG000B9YSK6
2986,/bbgid/BBG000DYGNW7
2987,/bbgid/BBG006BFYQN0
2988,/bbgid/BBG00GBNZ4M0
2989,/bbgid/BBG000BWKB81
2990,/bbgid/BBG000BCQ4P6
2991,/bbgid/BBG004DDDKH1
2992,/bbgid/BBG000PLF0P1
2993,/bbgid/BBG000BLPL88
2994,/bbgid/BBG000DD8XF9
2995,/bbgid/BBG000C365L8
2996,/bbgid/BBG000CZS187
2997,/bbgid/BBG000DMMH86
2998,/bbgid/BBG000BQQ2S6
2999,/bbgid/BBG000D9D830
3000,/bbgid/BBG000HPX6W0
3001,/bbgid/BBG000CZ5P98
3002,/bbgid/BBG000BC7271
3003,/bbgid/BBG000FL7QJ1
3004,/bbgid/BBG000BVT1L1
3005,/bbgid/BBG000BTW622
3006,/bbgid/BBG004F8F4H4
3007,/bbgid/BBG000PR9S56
3008,/bbgid/BBG001QG2N64
3009,/bbgid/BBG00DK7NM27
3010,/bbgid/BBG000BNVNY4
3011,/bbgid/BBG004N1KPJ5
3012,/bbgid/BBG000BKZB36
3013,/bbgid/BBG000DQBZJ7
3014,/bbgid/BBG000QN4GY3
3015,/bbgid/BBG000BFG684
3016,/bbgid/BBG000BZCZJ8
3017,/bbgid/BBG000HGNYG8
3018,/bbgid/BBG000FVBPJ6
3019,/bbgid/BBG000D07ZQ1
3020,/bbgid/BBG000BCXN49
3021,/bbgid/BBG000BTNV54
3022,/bbgid/BBG000M3B9V2
3023,/bbgid/BBG000D3Q5N3
3024,/bbgid/BBG001S9QHK9
3025,/bbgid/BBG003M3V230
3026,/bbgid/BBG000BH3GZ2
3027,/bbgid/BBG000HVQ9Q6
3028,/bbgid/BBG001J2R5H3
3029,/bbgid/BBG000F4HLT8
3030,/bbgid/BBG000CYTZ93
3031,/bbgid/BBG000BLP360
3032,/bbgid/BBG002D68SD3
3033,/bbgid/BBG000BB88K4
3034,/bbgid/BBG000PS88P7
3035,/bbgid/BBG000CF29Z2
3036,/bbgid/BBG000C41023
3037,/bbgid/BBG000BWF278
3038,/bbgid/BBG000BFRVX9
3039,/bbgid/BBG000QPM019
3040,/bbgid/BBG000BZ4Y00
3041,/bbgid/BBG000HFDNW7
3042,/bbgid/BBG000RNBH63
3043,/bbgid/BBG000BMWKC5
3044,/bbgid/BBG000BB6MM3
3045,/bbgid/BBG006N7S6K9
3046,/bbgid/BBG000C32JJ5
3047,/bbgid/BBG000BLFNC0
3048,/bbgid/BBG000PK1N96
3049,/bbgid/BBG000BMDBZ1
3050,/bbgid/BBG000HQVS07
3051,/bbgid/BBG000FRNTH6
3052,/bbgid/BBG002NJVMR6
3053,/bbgid/BBG00LYNKNL9
3054,/bbgid/BBG00C0B4TP3
3055,/bbgid/BBG000BGXZB5
3056,/bbgid/BBG000BL5GF3
3057,/bbgid/BBG000QY3XZ2
3058,/bbgid/BBG001J94C33
3059,/bbgid/BBG000BXJ2L6
3060,/bbgid/BBG000BC20H9
3061,/bbgid/BBG000C07VV5
3062,/bbgid/BBG00793T0Q8
3063,/bbgid/BBG006KY8KV2
3064,/bbgid/BBG000BC1G85
3065,/bbgid/BBG000C3V2J0
3066,/bbgid/BBG000BJ8YN7
3067,/bbgid/BBG000BTQ610
3068,/bbgid/BBG000BQPRQ4
3069,/bbgid/BBG000BZN9H6
3070,/bbgid/BBG000BX42Q7
3071,/bbgid/BBG000F0N9W2
3072,/bbgid/BBG000JF5K69
3073,/bbgid/BBG000H9LNX1
3074,/bbgid/BBG001V59J64
3075,/bbgid/BBG000BY3302
3076,/bbgid/BBG000BFJHL2
3077,/bbgid/BBG000H8TVT2
3078,/bbgid/BBG000BJCDS3
3079,/bbgid/BBG000BJ2D31
3080,/bbgid/BBG000BG1811
3081,/bbgid/BBG000G7CDN9
3082,/bbgid/BBG000BLXDJ5
3083,/bbgid/BBG000BLPBL5
3084,/bbgid/BBG005M8S0Q7
3085,/bbgid/BBG000D04134
3086,/bbgid/BBG000D2JB50
3087,/bbgid/BBG000PPFKQ7
3088,/bbgid/BBG000R2RWP8
3089,/bbgid/BBG000BDJL83
3090,/bbgid/BBG000CJ2181
3091,/bbgid/BBG000BHLYS1
3092,/bbgid/BBG000DQTXY6
3093,/bbgid/BBG000BT1MR4
3094,/bbgid/BBG000J0XLS5
3095,/bbgid/BBG000QHV8S1
3096,/bbgid/BBG000CJW589
3097,/bbgid/BBG00FWZQ3R9
3098,/bbgid/BBG000CDQBL1
3099,/bbgid/BBG001924TJ5
3100,/bbgid/BBG000BXGZ18
3101,/bbgid/BBG000BZ48L4
3102,/bbgid/BBG006LYGNL7
3103,/bbgid/BBG000BBSC23
3104,/bbgid/BBG000BBRPL4
3105,/bbgid/BBG000BQLHR9
3106,/bbgid/BBG000DZQYV0
3107,/bbgid/BBG000NW71G6
3108,/bbgid/BBG000C35398
3109,/bbgid/BBG000L35KD5
3110,/bbgid/BBG000BCW8R8
3111,/bbgid/BBG000P3P4D5
3112,/bbgid/BBG0016WLQ18
3113,/bbgid/BBG000P0TKR6
3114,/bbgid/BBG000LY1HS2
3115,/bbgid/BBG000GHVPG7
3116,/bbgid/BBG0046LJYT2
3117,/bbgid/BBG000PXGT62
3118,/bbgid/BBG000DQN993
3119,/bbgid/BBG000BTHH16
3120,/bbgid/BBG000BDQNT8
3121,/bbgid/BBG000BPZPB5
3122,/bbgid/BBG000K4GWV6
3123,/bbgid/BBG000Q3VDC8
3124,/bbgid/BBG000BN5HF7
3125,/bbgid/BBG000C4S3P3
3126,/bbgid/BBG000PTLGZ1
3127,/bbgid/BBG000BFWF13
3128,/bbgid/BBG000C2D195
3129,/bbgid/BBG000CJJ1D7
3130,/bbgid/BBG000BS7ZF4
3131,/bbgid/BBG00F48C2K4
3132,/bbgid/BBG000DHZ4H2
3133,/bbgid/BBG000BWGK40
3134,/bbgid/BBG004CDX4P7
3135,/bbgid/BBG000DPZC04
3136,/bbgid/BBG000MM5VL9
3137,/bbgid/BBG000BLH2H9
3138,/bbgid/BBG000BCWWV0
3139,/bbgid/BBG000BXF5W1
3140,/bbgid/BBG000BPTTM2
3141,/bbgid/BBG000LGL033
3142,/bbgid/BBG000BW3299
3143,/bbgid/BBG000JX7SX1
3144,/bbgid/BBG000PSTYB2
3145,/bbgid/BBG000BWBMM1
3146,/bbgid/BBG000BKVJK4
3147,/bbgid/BBG000BF4D19
3148,/bbgid/BBG000BP6LJ8
3149,/bbgid/BBG000BBKWZ1
3150,/bbgid/BBG000D9V7T4
3151,/bbgid/BBG000BXFWH9
3152,/bbgid/BBG000F9QXX6
3153,/bbgid/BBG000H0JJ17
3154,/bbgid/BBG006NJXS29
3155,/bbgid/BBG000RKPRS8
3156,/bbgid/BBG000BXY1S4
3157,/bbgid/BBG0064N2T78
3158,/bbgid/BBG000QW7VC1
3159,/bbgid/BBG000BB6KF5
3160,/bbgid/BBG000BXD9G3
3161,/bbgid/BBG000LS68P3
3162,/bbgid/BBG000JF5F06
3163,/bbgid/BBG002CV5W70
3164,/bbgid/BBG000BLL051
3165,/bbgid/BBG000QQFVK6
3166,/bbgid/BBG000CZ8PQ6
3167,/bbgid/BBG000BHQFY0
3168,/bbgid/BBG000DVLWP5
3169,/bbgid/BBG000BCG930
