fsym_id,bbgid
LRDGCV-R,BBG000C4WJT9
MXT1W0-R,BBG000BC82K5
FK7P9F-R,BBG000BFHDG9
S26JJL-R,BBG000C04224
LY1WZH-R,BBG000JK3CF8
G4DWFZ-R,BBG000FFQP32
VS1X41-R,BBG000FLPRH1
F722C7-R,BBG000BN3P70
KPPLQC-R,BBG000BN8M81
BV8GCC-R,BBG000F15NW9
NWGNS1-R,BBG000C2W0R6
NHX98Q-R,BBG000BH23R1
NRTP90-R,BBG000HX3Y19
FJ4NDH-R,BBG000BSBZH7
MTGSY3-R,BBG000BMT9T6
PB04TQ-R,BBG000BMYS63
NBCKRK-R,BBG000BJPDZ1
FPTQ5Q-R,BBG000C3QN19
HQ4DBK-R,BBG000BQLTW7
SDDH43-R,BBG000BWLMJ4
GRSDSK-R,BBG000B9X8C0
DXVDJ4-R,BBG000KLB4Q1
F3NM78-R,BBG000BFTJ91
J2MW73-R,BBG000L4M7F1
LRHQLX-R,BBG000BH6360
T2T0MT-R,BBG000BQY1C6
DNY1KW-R,BBG000BQTMJ9
G4H6X5-R,BBG000DST2V3
QP3LLV-R,BBG000JYP7L8
M09N42-R,BBG000BJGVY2
M9DGHF-R,BBG000BPT0C6
VT66G5-R,BBG000BCG930
JKGP5M-R,BBG000C1FB75
K6VMFP-R,BBG000BNXLK1
TLY9TB-R,BBG000BVPML9
TJG1FT-R,BBG000BWXL85
S4J8BX-R,BBG000BJBZ23
BNLKX9-R,BBG000BW0R88
CFF3GD-R,BBG000DVN6P0
VQYTRP-R,BBG00658F3P3
KV0K62-R,BBG000BRWGG9
FDS65G-R,BBG000Q3JN03
J9D5DJ-R,BBG000FY4MZ7
HD1PZ3-R,BBG000BDF0T0
FH1NKL-R,BBG000BN5HF7
Q7WZWY-R,BBG00688QWF5
M0G2G3-R,BBG000BSL2D3
NX4S4Z-R,BBG000CVZFH7
MYMJL1-R,BBG000CQ4LR8
X7K4SJ-R,BBG000BG5X85
R998SY-R,BBG000BQQ2S6
MJCGG4-R,BBG000BLHRS2
C8WRSP-R,BBG000BQ6S47
CD4N6C-R,BBG000BK1WF4
KT2P3Z-R,BBG000BWCC88
C8XJ7D-R,BBG000BRDSX5
MH33D6-R,BBG000B9XRY4
Q9J1WF-R,BBG000BL6888
QSDQCP-R,BBG000BWVCP8
V75BKP-R,BBG000BHB3M6
VQXR21-R,BBG000BHBK84
B2G10C-R,BBG000BT2TP0
CWRF0J-R,BBG002BHBHM1
MS57L1-R,BBG000KHWT55
HMZXK5-R,BBG000C5CCM0
C1Y5MC-R,BBG000BTVX24
WDG05S-R,BBG006Q0HY77
HVV49B-R,BBG000BR37X2
BV8JHF-R,BBG000BC4JJ4
G25H2V-R,BBG000BFZ1K0
GRRPDW-R,BBG000BPX9M1
TNZ6CZ-R,BBG000N2HDY5
BPRHF0-R,BBG000BHGDH5
P5F9DQ-R,BBG000BLCL55
KNKLZJ-R,BBG000BRY7Q6
JKDM7P-R,BBG000BMFFQ0
FZRL7K-R,BBG000BB8SW7
M67VFY-R,BBG000BCZL41
BFSY5M-R,BBG000BNJHS8
CN7T72-R,BBG000GXZ4W7
G5JHGG-R,BBG000BCY3R7
HN195G-R,BBG000C101X4
W4H2MF-R,BBG000BW7VG3
D9GFG8-R,BBG000FM9WC1
WFMVVR-R,BBG000F5VVB6
SJS2RC-R,BBG000BKL348
FCK6QT-R,BBG000QY3XZ2
LQCGBT-R,BBG000F63ZX2
FV800K-R,BBG000BTN971
QXSZ7K-R,BBG000BW5YW1
VDT2VP-R,BBG000J0D904
HR1WTF-R,BBG000F5L6S4
V3Q5PM-R,BBG0064N0ZZ5
TMW1M9-R,BBG000BTHGC6
PN37ZK-R,BBG000BHPL78
GM3DBL-R,BBG00FWQ4VD6
FGSXYG-R,BBG000BKLV46
NYJHHY-R,BBG000DYGNW7
X1SCTR-R,BBG000C13CD9
HMWRJ6-R,BBG000K3T543
CQDKJQ-R,BBG000H5MYP3
JNTPK7-R,BBG000BKSL41
TNZ1G6-R,BBG000BP0KQ8
LTP334-R,BBG000BK67C7
RT7HCR-R,BBG000BVWZF9
KTPK4Q-R,BBG0035LY913
M2LCXB-R,BBG000DYTTG8
GRMY8C-R,BBG000BH3JF8
QCWHZC-R,BBG000BJV7P8
QD8WKZ-R,BBG000C4ZZ10
FJ3VWR-R,BBG000BJQ1B2
GGPTR9-R,BBG000FJRZ68
QVGCXK-R,BBG000C0CSW5
DXV75Z-R,BBG000BSZXM0
SFC1HV-R,BBG000BV7YT5
CZGY1P-R,BBG000FXYZF9
NMGMBX-R,BBG00DYPZ4T0
KYCY91-R,BBG000BLGFJ9
D8HQP8-R,BBG000GMM115
HTM0LK-R,BBG009S39JX6
MS9FKZ-R,BBG000BS5CM9
NPJW7K-R,BBG000BB6KF5
LKVSZR-R,BBG000BNW1S8
HXZ458-R,BBG000DSMS70
XKPH9J-R,BBG000BRRG02
T9M9M3-R,BBG000P1F8Q7
DJCHM1-R,BBG000C6CM73
V2G2MF-R,BBG000BK40L4
PP472P-R,BBG000D6YC07
NSYBHN-R,BBG000FHPQ73
MCNYYL-R,BBG000BVPV84
FYMD7N-R,BBG000H68HR2
NDGT5S-R,BBG000BP2H92
CSFJSZ-R,BBG005P7Q881
NBCR2Q-R,BBG000BFF1J4
KYKCS8-R,BBG000VMWHH5
F1B8CH-R,BBG000VPGNR2
JCTNCC-R,BBG000KCJ198
BPQJL3-R,BBG000BL8NG4
LVYTWF-R,BBG000KCZPC3
SVZ8Y7-R,BBG000BLN905
X6K6SH-R,BBG000BVCDS6
G90MPY-R,BBG000BV75B7
F4NVTL-R,BBG000BGBRG2
R3J43T-R,BBG000FG3C43
F05QG0-R,BBG000P458P3
LRMHTG-R,BBG000BGVC64
GZMRSV-R,BBG000BN2DC2
Q774MW-R,BBG000BB1TH9
TSMGSN-R,BBG000BH20V2
D8D864-R,BBG000BKQ5R3
BZPFLX-R,BBG000BL46Q4
RPNJRM-R,BBG000C2PW58
C7M58J-R,BBG000BCX7G1
LZBPWV-R,BBG000BPQD31
TWKFD4-R,BBG000BWCNX6
D8FPTC-R,BBG000BKNX95
Q1LDBW-R,BBG000C78J55
TKKPJB-R,BBG000BXRPH1
R3HBM2-R,BBG000C1JTL6
QTKYGP-R,BBG000F1FSV8
NDN5DT-R,BBG000BFNR17
R70TJY-R,BBG000FY7G32
W6N4JC-R,BBG000BB29X4
WTJ15D-R,BBG0029SNR63
M79R1P-R,BBG000BPD168
B6ZXQL-R,BBG000DHPN63
N5T0SQ-R,BBG000H4NZQ1
NFRN55-R,BBG000BQY289
BQWWY7-R,BBG000BMW2Z0
DBNPJ7-R,BBG000BXB8N9
KZMN3C-R,BBG000BQD1J2
FT2LQJ-R,BBG000CM9K67
HRCK3C-R,BBG000HN4T39
T73TZJ-R,BBG000F10CV9
N4P9L4-R,BBG000BX57K1
RSVDFJ-R,BBG000HSJ1S6
TWXW2R-R,BBG000BQQH30
MFYB4M-R,BBG000BF7Y65
M75DSM-R,BBG000BRF6B5
CLYQXL-R,BBG000BC8074
C32SJS-R,BBG000BCZH22
KB2QBM-R,BBG000CVWGS6
KC6WDM-R,BBG000BN8MN4
DBRKWT-R,BBG000BCRVC9
BDQDB8-R,BBG000NV1KK7
BHPM6T-R,BBG000DJS5Z3
NNKD2Y-R,BBG000DMBXR2
SZDG9R-R,BBG000CYCYT2
JG36YL-R,BBG000GXSH92
NB6XX6-R,BBG000BHKCQ2
BQR5YT-R,BBG000C3NTN5
W6SXMV-R,BBG000C43RR5
KW432H-R,BBG000BMH2Q7
R5XGXL-R,BBG000BKCFC2
NDG727-R,BBG000BC4HW3
NT37R4-R,BBG000BC33T9
XKBMRH-R,BBG00333FYS2
DLSMXK-R,BBG000BX3BL3
JYWMBW-R,BBG000CKGBP2
FQZF97-R,BBG000F1ZSN5
QG1HR7-R,BBG000GZQ728
KK2P47-R,BBG000BL8GJ6
TSMM1S-R,BBG000G2GD10
Q4YP8S-R,BBG001YMS0B8
N13NK9-R,BBG000BMF5J0
TW6KKV-R,BBG0039320N9
KZKK3D-R,BBG000BG4202
RJ022Y-R,BBG000C75N77
P6FZQB-R,BBG000BKK5Z0
K6RW63-R,BBG000C496P7
CRHPMR-R,BBG000C221G9
NRT4CM-R,BBG000DTZ6C6
B5PV8Z-R,BBG000BM21S3
DTKPJP-R,BBG000B9XYV2
P36M94-R,BBG000BGYWY6
RBB7RY-R,BBG000H9G7X2
D2RCHW-R,BBG000CB2ZY4
PFHZCV-R,BBG000FZG9P1
CRRX9G-R,BBG000BW6NW4
HF1P15-R,BBG000BJ49H3
S390D0-R,BBG000BVW841
D65111-R,BBG000BDQGN9
KCCLD1-R,BBG000BV1Y93
FBC2XZ-R,BBG000JST746
HP13ZD-R,BBG008NXC572
KFJJ0V-R,BBG000CKJ0P3
QKJS7V-R,BBG000M65M61
WTY9GV-R,BBG000BR0952
FK9ZPL-R,BBG000BMJYW8
TJL23L-R,BBG000D2M6H4
JH4JKX-R,BBG000BQ5TK8
JQZ00G-R,BBG000BKFBD7
DMR8FC-R,BBG000FL1XJ2
FWHKKR-R,BBG000CBMH27
DRBC9M-R,BBG000BKR1D6
QQ56TG-R,BBG000BBP0X8
DF9PT2-R,BBG000BD8PN9
Q0JCBW-R,BBG000CQZBQ7
JR1TJ7-R,BBG000BKHMF9
FV824M-R,BBG000FDBX90
BV4P4T-R,BBG000BQGKM3
KFP2R4-R,BBG000C41023
SL2N3F-R,BBG000BKJGT5
BK1GXZ-R,BBG000BVK2W6
KXDMGL-R,BBG000F0KF42
CPHBQ7-R,BBG000BD9473
THG9TZ-R,BBG000BYJJD6
G5M19V-R,BBG000BVP5P2
MXZ7RW-R,BBG000PPFKQ7
NZMC6V-R,BBG000BP7094
SRL24C-R,BBG000BSBB99
Q3Z513-R,BBG000C4XD11
CHR1NX-R,BBG000C5Z1S3
B82VFF-R,BBG000H50PN8
RDQZ92-R,BBG000GHZSZ6
LTSNXH-R,BBG000BDXCJ5
S8ZQDV-R,BBG000C734W3
DMX4QY-R,BBG000BC2C10
B8374S-R,BBG00B3T3HD3
K5JXTH-R,BBG00R2JZG39
CGLRBS-R,BBG000BSLLB3
FZXHM5-R,BBG000BQB7P4
H679XT-R,BBG00NNG2ZJ8
R71MZL-R,BBG000FH8PX5
SHRZF5-R,BBG000BFJT36
CY644B-R,BBG000BLZRJ2
FT8FQW-R,BBG000HS77T5
PD3HL5-R,BBG000BPWVX1
WPFS7S-R,BBG000K4ND22
M0C1P8-R,BBG000BV59Y6
D1P43P-R,BBG000BWJFZ4
S8ZPBT-R,BBG000BV8DN6
T1N9NF-R,BBG000RGM5P1
LD13C5-R,BBG000BNPSQ9
VBL38Y-R,BBG000BJX8C8
BGW3FR-R,BBG000BWTY64
S6JRNP-R,BBG000BPK1G9
TH8S8S-R,BBG000BBJQH6
VBCQMG-R,BBG009DTD8H2
GHT33G-R,BBG000CFWFR4
C5BGF5-R,BBG000F3F385
WL4J6T-R,BBG000BPQCQ8
RGZN5G-R,BBG000FLZN98
FBC521-R,BBG000C12NL7
KSVQWG-R,BBG000BNVNY4
BZNSC9-R,BBG000BK7SL0
D502G9-R,BBG000BB9KF2
KXCLHM-R,BBG000CWFQF5
KRTZ9N-R,BBG000H89QJ6
WNSC9M-R,BBG000C4CXD7
F1DNTM-R,BBG000BS73J1
BZT8YJ-R,BBG000BF8BH2
VR4SHN-R,BBG000DCGRL8
WFJYTJ-R,BBG009S3NB30
DHC1MJ-R,BBG000BGR5J0
PFFLVM-R,BBG000C7T9S9
KSV4X1-R,BBG000K0YMW5
XKTZWR-R,BBG000BL79J3
JCPT0R-R,BBG000LD9JQ8
TZ93SH-R,BBG000BKPBJ0
JDVJ48-R,BBG000BDRQL8
HN01T9-R,BBG000BF2KK4
PY5KHK-R,BBG000BF0K17
PN6Y00-R,BBG000BP6LJ8
WRVQ53-R,BBG000C1TTV4
FDS65G-R,BBG000G21D70
WPKF66-R,BBG000BCWCG1
B97MP0-R,BBG000B9Z0J8
X47RHF-R,BBG000CLVM51
MMN39J-R,BBG000FM4278
G4GB6B-R,BBG000BV4DR6
MKC1SV-R,BBG000BW8S60
QP00SH-R,BBG000BFC875
W6SYPW-R,BBG000K14Q84
VDPDV7-R,BBG000CN3S73
L8SKLT-R,BBG000DQLV23
KB791X-R,BBG000BCTQ65
MPXJMM-R,BBG000BH4R78
THB4X2-R,BBG000FRVHB9
M515GG-R,BBG000BK38M7
S277X8-R,BBG000BSH5L2
KSWML9-R,BBG000BL9JQ1
J994MP-R,BBG000H8TVT2
JPTF52-R,BBG000BMKDM3
X2WPD2-R,BBG000BHY8Q6
P9ZMV7-R,BBG000CPHYL4
MTGRW2-R,BBG00CVQZQ96
X0RZZ9-R,BBG000CXXCX4
N4JMNR-R,BBG000BQB7D7
R5RD6T-R,BBG000BKLH74
PX3T0T-R,BBG000BWHVM5
PKZ3VH-R,BBG000DQX1D4
RQ9F5S-R,BBG0077VNXV6
S7P87W-R,BBG000BBL8V7
TWXW2R-R,BBG000P5JLK1
LKVW3T-R,BBG000BRZBT3
QMQV1Q-R,BBG000C8H633
K24Q4R-R,BBG000BGLRN3
X8L2PH-R,BBG000DY28W5
NNNM7Z-R,BBG000BQF887
SHNSB5-R,BBG000C3L4T6
SJX192-R,BBG000BT9T73
GX5LJC-R,BBG000BYYLS8
TY1WWM-R,BBG000DN7P92
QCS6P8-R,BBG000F0PF65
V05L58-R,BBG000C0HQ54
FNQFTK-R,BBG000DXJKZ9
VZZC49-R,BBG000FM3ZB1
VS8MZC-R,BBG000BW13Q0
MMRZQ5-R,BBG000BP8Z50
R6WVW3-R,BBG000BFC8J2
KB6ZLR-R,BBG000FBNH96
BT4P4V-R,BBG000TJM7F0
QMZHNX-R,BBG000BWXMV7
T7CGDK-R,BBG000BBCQD7
BM9QXX-R,BBG000DKCC19
FPVVBS-R,BBG000BL9439
JYRG0L-R,BBG006G063F9
M8867B-R,BBG007TJF1N7
FS2TXJ-R,BBG000BG2MS0
FXTG1M-R,BBG0059FN811
JFVMGG-R,BBG000BJ98Z0
JFW9S3-R,BBG000BHZ5J9
F17RG0-R,BBG000GXPGB4
C7C9TP-R,BBG00BN96922
KK1YRK-R,BBG000CX0P89
BGYBPV-R,BBG000BDTNN1
FBC2XZ-R,BBG000BB8PG1
GF5S48-R,BBG000BBDW52
VFT0VQ-R,BBG000BDDNH5
Q7GYJ6-R,BBG000BRSL64
PBZ9B0-R,BBG000JK7836
WQK5W2-R,BBG000C2ZCH8
H79F60-R,BBG000BH5VD1
J9F59G-R,BBG000BB5373
RHZ062-R,BBG000BNTC17
RQXL78-R,BBG000BNMMJ3
L32L1Q-R,BBG000HHJLP9
VT8FQ8-R,BBG000BLYWS2
GGS0YC-R,BBG000JL0ZT3
NLDFD3-R,BBG000CKHXP3
G49BPN-R,BBG000BWTBX4
HKL2Z2-R,BBG000BP6J21
B963SL-R,BBG000HV1FL4
KZKFX9-R,BBG000C4WXH1
RGYN8J-R,BBG000BGPTZ2
JMJFSG-R,BBG000BRHBP7
XMYTFJ-R,BBG000CB8Q50
JT9G6G-R,BBG000BHLCG2
NGW97P-R,BBG000BQHGR6
N7119D-R,BBG000BD3J49
W5QQ9P-R,BBG000NDV1D4
FBB432-R,BBG000BQSQ38
GYM5PB-R,BBG0019LSQ49
D8D820-R,BBG000BS9489
B3DVXC-R,BBG000BJDB15
JMHYW0-R,BBG000BR14K5
BJ2HRV-R,BBG000BT41Q8
DH79H0-R,BBG000BWSV34
GS3RJ8-R,BBG000BY2Y78
V6ZMTG-R,BBG000GC80B4
WGLQTS-R,BBG000H556T9
B71DJZ-R,BBG000CHWP52
HHB3C8-R,BBG000D4LWF6
KPFMHW-R,BBG000L9CV04
G43630-R,BBG000BK2FK4
FT34MX-R,BBG000DZMH32
MTFF9T-R,BBG000BYD720
H7DGWR-R,BBG000BKVJK4
MS9DHY-R,BBG000DR5QP5
PX1NYT-R,BBG000BJQWD2
MVLTQZ-R,BBG000BCQZS4
KV0J41-R,BBG000BMHYD1
BPQB5X-R,BBG000BSG542
MKBN0G-R,BBG000BH30X9
GGJNXG-R,BBG000BQ0543
C46454-R,BBG000DH7ZG5
K8ZYYY-R,BBG000BWLM95
MLQ41B-R,BBG000FQ7YR4
BNJBN6-R,BBG000QTF8K1
RK4MYB-R,BBG000C2NV89
V1H7QF-R,BBG000JJM7R8
T6C8Y9-R,BBG000BNQN34
NXD9CX-R,BBG000BHL1P6
C4HBRT-R,BBG0025Y4RY4
FLFNV4-R,BBG000BVS043
DMR9HD-R,BBG000C3QSJ9
L1TYCG-R,BBG000BQVHQ9
S8T3VQ-R,BBG000BJB299
WL8678-R,BBG000BSG5M2
L7LP86-R,BBG000C23PB0
R2CVVQ-R,BBG000BFP2F5
MQ0Y3T-R,BBG000BWGYF8
GFJGD5-R,BBG000BQC9V2
W81J82-R,BBG000BVXPW1
T7H5H1-R,BBG000BG3445
BYP0PF-R,BBG000C2VBB0
J5WL9M-R,BBG000BNHFB2
CRM0ZW-R,BBG000BS8DF2
KNDVY2-R,BBG000C85DC1
VQXR21-R,BBG00BN961G4
G15019-R,BBG000DR3Z86
CL1QH9-R,BBG000BCMBG4
M77CJG-R,BBG000FQVNV6
H1PMLS-R,BBG000BFQYY3
FS319Q-R,BBG000BJ81C1
FYRXRS-R,BBG000BDGGH7
FJ7TFG-R,BBG000BT66K1
B1C27H-R,BBG000BJ5SS8
H2VPCM-R,BBG000BBGGQ1
LTR512-R,BBG000BFHXY5
JS30TB-R,BBG000FKYVH4
DWPMDP-R,BBG000F3F4Q3
FPP2BC-R,BBG000C1J0Q4
FT8DNV-R,BBG000BP52R2
TZ1NKH-R,BBG000DTMH63
NM8DVF-R,BBG000BJMVN7
JWH12W-R,BBG000BLMY92
T1NQ9P-R,BBG000HNXCQ9
QZ3ZG1-R,BBG000BN53G7
MYW502-R,BBG000BS1YV5
R2D15W-R,BBG000L3R3H5
D1RCCS-R,BBG000BNBPQ0
LF5N4J-R,BBG000BVXRR3
DGBZCC-R,BBG000R7Z112
MBK7R0-R,BBG000DB3KT1
SFLZN9-R,BBG000BVHT97
PHPSQH-R,BBG000BZCKH3
W7SBND-R,BBG000FCB7T7
KFMMZS-R,BBG000FKJRC5
V3MK5N-R,BBG000BBB3K1
R95W9R-R,BBG000C3FGH9
G47LH4-R,BBG000BNY9Q1
KHYCT3-R,BBG000D7RJJ8
TSHY1B-R,BBG000BKGCP1
L6CPTK-R,BBG000BH5DV1
TZ654Q-R,BBG000BLD2P4
BZV4LB-R,BBG000BQZ6X1
PVWPB1-R,BBG000BJ5GK2
TY202Q-R,BBG000JG0547
DJBQ39-R,BBG000BM9RH1
DXW84Y-R,BBG000BT7JW9
M79B89-R,BBG000C2BXK4
C7M7DL-R,BBG000D9DMK0
B6ZP8C-R,BBG000BKY1G5
M9KTQG-R,BBG000BYR208
B3G4BK-R,BBG00D0Y81M1
HN0LVT-R,BBG000PQ6YJ3
LBWNRX-R,BBG000BNC3Y9
BK2FRW-R,BBG000MDCQC2
W13F06-R,BBG000BGNM16
XHJJQT-R,BBG000H07GW2
JBG9LM-R,BBG000BCYP43
K8WB4N-R,BBG000BFDKN9
HNZVK6-R,BBG000BF6LY3
MWKTZ4-R,BBG000FBR384
XQ6H9X-R,BBG000BHRRV6
RDKCLT-R,BBG000BWHD54
PTRY1F-R,BBG000BZX1N5
W5NBSG-R,BBG000BNF508
W91W1H-R,BBG000BV7LP7
FDS1XB-R,BBG000BJVN28
S8Z499-R,BBG000BX24N8
JXMLY8-R,BBG000BM7HL0
F82H8Q-R,BBG000CC7LQ7
M8XT6B-R,BBG00JHNKJY8
DBNXVB-R,BBG000DWG505
M4VYHK-R,BBG000BRY8B0
DHBWFH-R,BBG000PHCBW1
P0SXV1-R,BBG000FW00S1
J1J3YH-R,BBG000BCT2N9
DTKZ1Y-R,BBG000BCTLF6
V8549L-R,BBG000BDG1Y1
XKT8J2-R,BBG000D2M0Z7
H69CWS-R,BBG002PHSYX9
TWTFJJ-R,BBG000BCWSS3
WW88H5-R,BBG000BR37J8
P31DB7-R,BBG000G0Z878
NK3TVY-R,BBG000JY1YV4
DSBCFQ-R,BBG00D3CHRC0
FLF3SM-R,BBG000BC8G88
XCZXJT-R,BBG000BF4VY3
D2RP35-R,BBG000BCNYT9
C8WF4C-R,BBG000FV1Z23
RTXD8D-R,BBG001P63B80
B6YVPL-R,BBG000BSSL26
M1H0C2-R,BBG000BJ2D31
NNFR4J-R,BBG008NVB1C0
XHD46K-R,BBG000BP4MH0
FPP9SL-R,BBG000G8N9C6
J1CRMD-R,BBG000BF7XZ5
QLRPKF-R,BBG000BD1HP2
BGXVSD-R,BBG000BB5HV5
XF43NV-R,BBG000BDD940
PFCQ7V-R,BBG000BNTTK9
TMTGLT-R,BBG000B9XG87
MKJ8WW-R,BBG000RTDY25
LTN366-R,BBG00KXRCDP0
QTK2TW-R,BBG000BCGY17
P1P032-R,BBG00BLVZ228
QLQKDC-R,BBG000BJKPG0
LPBY77-R,BBG000BBCHT0
S9NVWV-R,BBG000H6HNW3
M4VR3C-R,BBG000BVX9F6
P399DN-R,BBG000DM86Y7
KM5Q58-R,BBG000BSLZY7
BWJ0XK-R,BBG000BZRXH9
LQ7KY5-R,BBG000BLDV98
N7XDM6-R,BBG000BKNX40
BDP5X0-R,BBG000BD43C4
DJC60R-R,BBG000BDXGP9
JWPKK0-R,BBG000F90LL3
QJ9QP4-R,BBG000BG8M31
H8HVG0-R,BBG000BQK1M0
NYJHHY-R,BBG000DMWLJ4
LJKG0W-R,BBG000BFL278
JLJN1K-R,BBG000JGQ3K6
QMJ28H-R,BBG000FK6FG1
R4M2WP-R,BBG000BBCDZ2
C5CPSB-R,BBG000BQWPC5
Q7H95J-R,BBG000DZCFT9
F96XVZ-R,BBG000BH13K9
MDYC2K-R,BBG000F86GP6
F2DFHH-R,BBG000BB07P9
FWHC5K-R,BBG000C2V3D6
Q2W445-R,BBG000BSY3K9
R4M2WP-R,BBG000F3SJC1
NDMDZ3-R,BBG000BN3832
Q78KB6-R,BBG000BN1XR3
XLT03X-R,BBG000BB5792
KFNT6W-R,BBG000J8CD72
M0H6M5-R,BBG000BBPFB9
CPCV0Y-R,BBG000BSFRF3
QWSH60-R,BBG000BKXNH7
D0QHLW-R,BBG000BFL116
TBRYLK-R,BBG000BPTTM2
SW2SHD-R,BBG000BX8P91
NHV4Q7-R,BBG00BN969C1
M3ZJ5T-R,BBG000BW4S46
KL1DV4-R,BBG000BZ2GG4
FR4YZK-R,BBG0088CYPX8
JJ8QPY-R,BBG000BJ27C4
W5MG2M-R,BBG000QLR4R7
VQ0G3H-R,BBG000BV0TZ6
PZ917X-R,BBG000BLKK03
D0LDT1-R,BBG000BQBYR3
GGPDYX-R,BBG000BHLYP4
VBK29Z-R,BBG000C45984
JJ81D9-R,BBG000BRVP70
QWT5HN-R,BBG000F3PLJ2
NB76FG-R,BBG000BGKHZ3
D41CTF-R,BBG000BFXH09
F1F5T3-R,BBG000BB1QF7
DNXNVJ-R,BBG000BV95H9
H68NH2-R,BBG000BN9WT5
JZWRR3-R,BBG000PXDL44
MDLLPL-R,BBG000FKBNC2
RPTY1P-R,BBG000BRJL00
GZKHGQ-R,BBG000C1XVK6
T2ZH1Y-R,BBG000D6L294
DG27Q5-R,BBG000BHX7N2
D4ZPQY-R,BBG000F80SZ5
T3YH93-R,BBG000BKYDP9
C5LR6Y-R,BBG000BDG1C5
RLFBNL-R,BBG000BB94G7
QNWQHD-R,BBG000BD3XR3
RCNCKX-R,BBG00RP60KV0
L4B8W1-R,BBG000C1DCZ4
J6TGHV-R,BBG000DXL393
D8NHSR-R,BBG000BDSP20
TWTDGH-R,BBG000CTQBF3
FT7VMB-R,BBG000BRNGM2
CZBYFY-R,BBG000BMTFR4
TQ7GN6-R,BBG000CQHM38
H1PTZZ-R,BBG000KQF9D9
SX7WGD-R,BBG000GPX385
GQGP3B-R,BBG000BP0929
KFQHFG-R,BBG000QX74T1
MVKZ35-R,BBG000BQ87N0
JVL1QM-R,BBG000F4LN28
TZ2TSL-R,BBG000BWVSR1
GRN6SM-R,BBG000DG5735
SKZRLQ-R,BBG000G3QLY3
JJ39BV-R,BBG000CXYSZ6
L426GG-R,BBG000BJLZP7
F0M88Q-R,BBG000BP22B2
RMFR2L-R,BBG00DL8NMV2
H9SPFD-R,BBG000BK6L72
JXV7LH-R,BBG000CV11C0
CC0C0C-R,BBG000BH3HH0
KM5N16-R,BBG000BFKNN5
LQBB5R-R,BBG000F1ZSQ2
PRGN6N-R,BBG000R7RDB4
HJXXH4-R,BBG001KJ2HM9
W14WTL-R,BBG000DQBZJ7
G3949H-R,BBG000QH56C1
D54BL9-R,BBG000CSY9H9
N18P40-R,BBG000C0MF34
FLDWBD-R,BBG000BZTW70
VYPKC2-R,BBG000BPJH49
PJNB5B-R,BBG000QBR5J5
GRSDSK-R,BBG000BVXVD9
X34XZP-R,BBG000CLWYM5
DNX703-R,BBG000MRMY60
R81DNG-R,BBG000BF1R66
GPL7SL-R,BBG000DSBY06
SQGY1B-R,BBG000BLBXT4
B5TG5C-R,BBG000C15T95
NW728X-R,BBG000FQ6PY6
CN4ZZK-R,BBG000TWC2V5
X498CV-R,BBG000BPJGW0
PKZ95N-R,BBG000BW2QX0
D1RQ13-R,BBG000BKF737
QCSBYD-R,BBG000BNY0W3
W4CL28-R,BBG000BCDWF9
GN6RRQ-R,BBG000BVVQQ8
LQ766T-R,BBG00GVR8YQ9
C326F7-R,BBG000BSHHP2
L5GH02-R,BBG000BK9GF1
MR0PSP-R,BBG000BSC0K9
PRL0HP-R,BBG000BSTQK4
JFW5HZ-R,BBG000FP1N32
CP8GLS-R,BBG000BQYFR9
B6TD5D-R,BBG000C4H302
PKY50L-R,BBG000BFPK65
V2H5QG-R,BBG000B9YJ35
S8TZCD-R,BBG000BK3M37
NFMH78-R,BBG000BD4VG8
PPCTFP-R,BBG000DH7JK6
T7B99L-R,BBG000FXDQK6
J75D6Z-R,BBG000BMLWX8
Q53KKB-R,BBG000B9ZWJ8
BW8YDX-R,BBG000F41W93
CX4TJ0-R,BBG000M5Q7L6
FWJSXX-R,BBG000BJ5HK0
D403D7-R,BBG000HQ7GC7
QHBXV5-R,BBG000BZ9223
QWT5HN-R,BBG000BJB6R0
WYJT0C-R,BBG000FFDM15
WB9TB1-R,BBG000BJNNY2
BXKWLD-R,BBG000BDKN87
VYQ02C-R,BBG000FFH4P5
PD98GG-R,BBG000BKZB36
GX39SV-R,BBG000H7DKN1
F18L0S-R,BBG000BB41G8
PLY42N-R,BBG000D79DL8
CTYNJ1-R,BBG000BK6MB5
TTHGD3-R,BBG000DTC2M9
GZG0VG-R,BBG000BTCFP9
DXZQS6-R,BBG000NSCNT7
D8DLQB-R,BBG000BG7423
VVDXCK-R,BBG000PV2KZ8
FMFR39-R,BBG000BMXK89
JMNLQC-R,BBG000BFT2L4
JLMJK8-R,BBG000BHW4Z7
C0YGQ6-R,BBG002R1CW27
JTC04X-R,BBG000BGRY34
QLGSL2-R,BBG000MM2P62
BRWKF0-R,BBG000BLXZN1
LPRN3T-R,BBG00JHNJW99
F9VYPD-R,BBG0078W3NQ3
L6BT3Q-R,BBG000BL9C59
M1FW60-R,BBG000BW3299
WRVHRX-R,BBG000BSBBP1
JDQ0K1-R,BBG000C7LMS8
XLV24X-R,BBG000BQPC32
DQ8Q0Z-R,BBG000BQ5TD6
J9FK0T-R,BBG000HL7499
HLTRL7-R,BBG000D2C051
J1J74L-R,BBG000BH02B2
B4QKJK-R,BBG000BQ7BF1
RYMLZH-R,BBG000BGKGP6
HVQ2KJ-R,BBG000H3FZM6
F725KB-R,BBG000BW1M06
CN3ZYH-R,BBG000BJ5R00
NNL4JN-R,BBG000G2K371
M8CS1P-R,BBG000G8Y0Q8
QR56YK-R,BBG000BG3HG3
NCCJTM-R,BBG000BKQG80
LHLHXS-R,BBG000BSMHZ5
G7VZQH-R,BBG000BKWSR6
HG5HKZ-R,BBG000BW2PZ0
TSCB80-R,BBG000DSC9D6
D68983-R,BBG000BFVXX0
C6QT2V-R,BBG000BBCD82
D7HXYC-R,BBG000BFKYQ8
CYB6Y5-R,BBG000BMX289
W8YRN3-R,BBG003CVMLQ2
LR9GT5-R,BBG000BB9NB0
P0XT7P-R,BBG000BKRK35
PFF98B-R,BBG000BQX2N3
HSDM8G-R,BBG000BCP4L1
RXG6KB-R,BBG000C22QV7
VBN9H0-R,BBG000JWD753
CJTQXJ-R,BBG000N746D6
FR4YZK-R,BBG000R06BX2
NPK3PS-R,BBG000J6XT05
DR9KSW-R,BBG000BHC2S1
LC0H1H-R,BBG000BLBVN4
SHNDLT-R,BBG000B9ZXB4
QG2Q1C-R,BBG000BH93Y6
J2LVSN-R,BBG004MN1R41
XNRMXZ-R,BBG000F395V1
RVC5J9-R,BBG000D8RG11
CJQN0M-R,BBG000BBMT95
V1H7QF-R,BBG000FJLFX8
XKPF5G-R,BBG000BTR593
L7M79Q-R,BBG000LC1FS4
JDYHV2-R,BBG000BRX7N0
K9460X-R,BBG000MW0PF2
HSFL3C-R,BBG000BRJ809
G6RN78-R,BBG000BBSX81
JLJ0VZ-R,BBG000C6CFJ5
CJVKH9-R,BBG000BFS7D3
KYJFW8-R,BBG000BQZMH4
KHX8Q2-R,BBG000BN84F3
JJ7V03-R,BBG000CKVSG8
TVTFDF-R,BBG000BCVJ77
VYYSYP-R,BBG000BH3ZL5
V9DZD1-R,BBG000C7B436
MJB531-R,BBG000JB27Y9
C0SKV2-R,BBG000BN0G82
K93YKP-R,BBG000BV52H0
JH1XLG-R,BBG000G81SV7
NW7K6C-R,BBG000C96839
NPP5KQ-R,BBG000BNXHG5
HQ2MHF-R,BBG00LNJRQ09
RYRC40-R,BBG000BPZBB6
LRK013-R,BBG000BJL3N0
SFTTTV-R,BBG000VDM4B1
FBC2XZ-R,BBG000F15M24
B4PGFJ-R,BBG000BGFZR8
FYSXNQ-R,BBG000BVJ7L9
P9ZJN4-R,BBG000BKKMZ3
M0GKCK-R,BBG000BCHX45
K7YTNS-R,BBG000BP7JB0
RXHN9P-R,BBG000BCSST7
HR82M7-R,BBG000BQ0JC4
PD79QM-R,BBG000PM7GJ0
BL5KVX-R,BBG000F6H8W8
FPTJVK-R,BBG000BT1715
PY5NPN-R,BBG00SSQFPK6
RSQN90-R,BBG001D8R5D0
RK8Z6D-R,BBG000C1FQS9
WHZD5T-R,BBG000Q0NF01
LF4WPT-R,BBG000BJNGN9
X0N4MP-R,BBG000BHLYS1
DBPQC2-R,BBG000FL1TC8
B01DPB-R,BBG000DRZH81
SX3H28-R,BBG000FCXZ02
FQJDL3-R,BBG0035M2ZB7
NW8BQ3-R,BBG000G6Y5W4
DKGV7D-R,BBG000FDSH97
HMVVTC-R,BBG000BD0TF8
TQ3DXD-R,BBG000DDK049
RT2ZSJ-R,BBG000BNFLM9
PY5NPN-R,BBG000BC15S7
QJ9MM5-R,BBG000H4DGS2
WM5BXP-R,BBG000C3GN47
NFMH78-R,BBG00GBVBK51
WJSPKP-R,BBG000BNS6S2
C4C0BL-R,BBG000CL9VN6
B81TLL-R,BBG00KHY5S69
CZ9VBX-R,BBG000BCKC47
DJC2TN-R,BBG000BB5006
G9ZBGY-R,BBG000BN8427
BK6JKQ-R,BBG000BVDLH9
H8JXH0-R,BBG000BL4504
GC1HR2-R,BBG000DQQ801
H9NX6V-R,BBG000C240W1
BYJYYM-R,BBG000BVMGF2
K7TZB5-R,BBG000DY8ZS4
BMFSSV-R,BBG000BBV506
DG6SCF-R,BBG000BMZ7P7
T2YF0Y-R,BBG000C8FRK0
CYBC69-R,BBG000BLF8D2
GM32M5-R,BBG000BCBCM7
VCNXSP-R,BBG000BH3GZ2
K8ZYYY-R,BBG000C4ZFV1
L5BZ9S-R,BBG000CP0W63
VMJ5QZ-R,BBG000BK5S78
HY2JNG-R,BBG000BX6PW7
M506MK-R,BBG000BV3594
B83YJG-R,BBG00H433CR2
FQTTHX-R,BBG000FBK808
JRFYNM-R,BBG001DCCGR8
H4629G-R,BBG000JRY3X9
F1DFCD-R,BBG000BR54L0
KGKNG4-R,BBG000JSHT05
XM0T39-R,BBG000FL9569
DH9ZLJ-R,BBG000FL3BB6
RFPMVX-R,BBG000BWP7D9
GJZ5YB-R,BBG000CS7CT9
S7RV59-R,BBG000DHSPT0
LC1BTF-R,BBG000PSKYX7
RDKCQY-R,BBG000FWCNB6
XM8P7T-R,BBG0019JZ882
C46GQC-R,BBG003641015
TTHJD1-R,BBG000C2YHG9
FYT41X-R,BBG000D898T9
QR3WD9-R,BBG000FRBSS9
SBVKW8-R,BBG000BSVZM9
S25R0V-R,BBG000BJQ328
NFMPMG-R,BBG000BLRT07
V6ZQWF-R,BBG000BGYMH7
PVW48J-R,BBG000C90DH9
RJWS22-R,BBG000BGPTB8
RGTY61-R,BBG000BK2F42
KB75VT-R,BBG000JMH788
CC0SQN-R,BBG000HZFZX3
NKGZ7J-R,BBG000QW7VC1
W234M1-R,BBG000CT56K1
LRJYZ2-R,BBG000BT4T69
WRNZ6Q-R,BBG000CYSFS7
JH0BKZ-R,BBG000BHQ1H0
MMSHPN-R,BBG000BKLVK8
LD0WYZ-R,BBG000BGKTF9
BQ7YD0-R,BBG0077WYXF0
TTDQ0D-R,BBG00286S4N9
DDZB0B-R,BBG000BRNLL2
H1PKGQ-R,BBG000BBVK30
W6XB41-R,BBG000F3J8W3
HJCTX3-R,BBG000BFQL53
S48YD1-R,BBG000BTKGG8
VWGLQ7-R,BBG000BFXHL6
HJG212-R,BBG000BL8804
GW63CR-R,BBG000BBHJ48
LF4HZG-R,BBG000BH2VM4
WDGX90-R,BBG000BFRF55
VTBNZC-R,BBG000BTQ9G8
HGBJ0K-R,BBG000BC40Y8
Q3ZHPF-R,BBG000BBMSJ6
W0731Q-R,BBG000BSRN78
N712CF-R,BBG000BCV185
Q0JDDX-R,BBG000DC3LT7
B19ST9-R,BBG000BNBDC2
SPGL7X-R,BBG00MRHG523
RJVBBR-R,BBG003PS7JV1
RRXTTL-R,BBG000BMBL90
F73DXH-R,BBG000GY6TX1
FBBBH8-R,BBG000G5H5S0
LLZBW5-R,BBG000BHCYJ1
R2H78W-R,BBG000BDRQ10
FJ1B1C-R,BBG000BBHXQ3
HQ7BZB-R,BBG000FG7KX9
WRYB4K-R,BBG000DNTSP4
Q8J4YF-R,BBG000BVFFV4
SN3294-R,BBG000FHG6D0
DG71WP-R,BBG000FH5YM1
WW7DBW-R,BBG009PN0C87
TR8GP7-R,BBG000F5VJX9
RR1DHV-R,BBG000C42M97
QCKPC8-R,BBG000C27NP6
N93NK1-R,BBG000J5Q6L2
JK7JJX-R,BBG000BLNZL4
WQK5W2-R,BBG000BR1JD0
J2NPSW-R,BBG000CPQZ77
PP7H5M-R,BBG000BCHXF3
R867X0-R,BBG000BNLX91
K38HHD-R,BBG000BGD7W6
RGTT21-R,BBG000BHKD71
D3X1KC-R,BBG000BS9103
PR8B4Q-R,BBG000BGG7F2
TB9J64-R,BBG001M8HHB7
NXHLP0-R,BBG000BGVW60
FQYW7Q-R,BBG000MQ1SN9
N6Z3ML-R,BBG000BMDV41
WYCPCP-R,BBG000RQW961
XGFDHN-R,BBG000BT9DW0
P32F96-R,BBG000BHBTX7
PJPRSK-R,BBG000BGKXV2
MH3TRW-R,BBG000BVPPM1
F71F3M-R,BBG000FPVC60
NCL5GV-R,BBG000BS7KS3
KZNLY8-R,BBG000BL40C2
W0Z4W6-R,BBG000BXMFC3
V5WMVF-R,BBG000BHCP19
X7GQ47-R,BBG000BRB2F4
GFJC62-R,BBG000C3J3C9
CRP3ZV-R,BBG000BX9WL1
RK3DL5-R,BBG000FY4S11
RFYYQQ-R,BBG000FX3Z36
X9Q3HC-R,BBG000CGJMB9
KDHCQP-R,BBG000BH2JM1
SZJL5M-R,BBG000BJ3PD2
L32LM8-R,BBG00DYNJGH9
RT66YK-R,BBG000BBQCY0
H53QZC-R,BBG000CNFQW6
KFJFWS-R,BBG000C1HN22
GM69XB-R,BBG000MCQ6Y9
LD09ZK-R,BBG000P7L3W1
KB3YPS-R,BBG000BJSBJ0
M4VLV7-R,BBG000BNNYW1
PGMTVK-R,BBG000BVTNR7
S3DDW6-R,BBG000BSJHQ9
LJBVKT-R,BBG000DJYQ99
T4227L-R,BBG000BW7348
L7HQMF-R,BBG000BBK3Y6
QCBKSL-R,BBG001NY45K9
VNMTTH-R,BBG000C5HS04
DWZ08F-R,BBG000FXJSG1
MQ119X-R,BBG000BB6WG8
MH2KBP-R,BBG00B6BFWH9
JMHSJV-R,BBG000C0F570
CHLPBT-R,BBG000BH82F0
F5WQ03-R,BBG000BQ1490
GW4QWL-R,BBG000H6CF00
VR16P9-R,BBG000C0LW92
T6CPQP-R,BBG000CHSS88
GZF20K-R,BBG000BM5SR2
CF8Q6D-R,BBG000BQR1D3
KK1SFD-R,BBG000DW4Q75
H8RWSK-R,BBG000FNWYC9
VTBLV9-R,BBG000BNSZP1
GN6KCJ-R,BBG000BKTFN2
PTVCPQ-R,BBG000JK79L4
C46DK8-R,BBG000BPPN67
TY2XVL-R,BBG000BP8KR9
T0JL9Q-R,BBG000FVXD63
GN7G2C-R,BBG000BDHNB7
CYB1M0-R,BBG000BBS2Y0
PJTSGB-R,BBG000BBXLW4
KTZ9Z1-R,BBG000G8GGZ3
SHMBPY-R,BBG000BRKN86
X59HZ5-R,BBG000BY33P5
HLX79K-R,BBG000C37332
LY653H-R,BBG000C23KJ3
VCSS49-R,BBG000FWY399
KMBRT0-R,BBG000BLPBL5
V3LF0L-R,BBG000BB7PP2
SM5S6G-R,BBG000BD4316
NXD9CX-R,BBG000FDDN09
WV1ZC5-R,BBG000BKSRH4
L6H4CS-R,BBG000BJVZF7
KC6WDM-R,BBG000C1BW00
HKRNG5-R,BBG000BMGN55
SP34K9-R,BBG000JKKGC3
SYHYVY-R,BBG000JW33M4
V83TYH-R,BBG000H556J0
FFZG7F-R,BBG000BDGGV1
KDCD3Y-R,BBG000BQ5DS5
FPPSQ1-R,BBG000C4LN67
Q1Q3FC-R,BBG000F9N9Q0
PY50G1-R,BBG000BRD0D8
JH0FS2-R,BBG000BLHJ19
VT4SWZ-R,BBG000BVWLJ6
FXH4XG-R,BBG000CGC1X8
RNHYX7-R,BBG000BJDPC2
BLB2G4-R,BBG000BDWKC5
LHK9RS-R,BBG000H1RXT5
JH07CW-R,BBG000BB2KW0
J76LJ3-R,BBG000BNTC99
XPB7BB-R,BBG000BKND99
MZJHY9-R,BBG001QD41M9
LRHNLZ-R,BBG000BJKJH3
VBJY1V-R,BBG000BTLMX5
RJ0FT9-R,BBG000BS0ZF1
RYLVJS-R,BBG000C6F3T8
NZMV05-R,BBG000D7RKJ5
S41Y4L-R,BBG000D6RQJ4
HQ87P5-R,BBG000BVV7G1
GGPVTB-R,BBG000CH5208
PQLF4Z-R,BBG000BJRZ26
F86155-R,BBG000DTC258
WNG4V1-R,BBG000DGM399
SNBZ7F-R,BBG000BJDX44
MYZ7WZ-R,BBG000BX8DC4
MFQVZQ-R,BBG0058KMH30
Q53D75-R,BBG000BB5BF6
C5GXYC-R,BBG000BM6788
F87563-R,BBG000JM3G01
FFQNC3-R,BBG000C1S2X2
PVBYXV-R,BBG000N7MXL8
NV7K28-R,BBG000BLSL58
FS32CR-R,BBG000BJ8YN7
SF4RN2-R,BBG000NQGLP5
GSVL1P-R,BBG000BN0MW2
B4PGFJ-R,BBG00FN64XT9
LJQYJ1-R,BBG000BKPL53
H8MX9Y-R,BBG000BLWF74
GRS9LG-R,BBG000BBNYF6
KB6ZLR-R,BBG000BB7YJ0
P4VXRX-R,BBG008S3V4G5
RBJXH6-R,BBG000Q5ZRM7
BWDZ2P-R,BBG000D9D830
VK7M4R-R,BBG000BR2B91
MJ0XB7-R,BBG000M1R011
X8LB4Q-R,BBG000D9KWL9
JJ3Q47-R,BBG000BDRR63
N4LY1X-R,BBG000DCK8K6
D3VZJC-R,BBG000BS5DR2
LTP0Z2-R,BBG000BGJRC8
F2J1J0-R,BBG000HLQH80
T0SQZH-R,BBG000NDYB67
KW9F7H-R,BBG000BTGCV5
LN3P8B-R,BBG000BY29C7
MG2TQV-R,BBG000BMQPL1
XQCWLZ-R,BBG000GQ1G25
J1BPLD-R,BBG000BCJT60
LF4H1K-R,BBG000F294G3
L7H19S-R,BBG000BWTYH2
J2MLPV-R,BBG000BFDXW1
LZBB5H-R,BBG000BGZ832
CPCW2Z-R,BBG000BGPTV6
B4PJKL-R,BBG000FJP263
VFY8ZQ-R,BBG000BC1L02
VNRDMV-R,BBG000BVMPN3
V9977J-R,BBG000MBDGM6
LQ766T-R,BBG000CGQ6M4
FMDS8D-R,BBG000BTCH57
MBNTPH-R,BBG000D6HK35
HKQ2FP-R,BBG000BNB9S4
L57MYN-R,BBG000BD7W19
JKD9ND-R,BBG000C0PBV9
FBCHQC-R,BBG000BNGTQ7
VS59M7-R,BBG000BBDZG3
MZZ0KV-R,BBG000DGZ1B6
JT71M6-R,BBG000C060M4
DG885T-R,BBG000BMW2R9
CRRS1B-R,BBG000CF5809
TF1DZP-R,BBG000G30YX4
N3DZL7-R,BBG000BW73T1
TTN57D-R,BBG000C4ZNF2
WYLZ4D-R,BBG000CYF8C4
J89J6Y-R,BBG000BNWG87
RZQS4K-R,BBG000BH5LT6
P5BP94-R,BBG000BKZTP3
BV4P4T-R,BBG000BB6M98
N2GNNQ-R,BBG000BXM6V2
H0P6P9-R,BBG000D2ZTS8
S1SHTH-R,BBG000BPP8D2
HD2T24-R,BBG000H28X05
PC0NY9-R,BBG000CG0HP5
V03NML-R,BBG000HN4VY0
CZB1R3-R,BBG000BL09J0
J70ZTV-R,BBG000BH1NH9
JSZKG9-R,BBG000BWQ2S3
WB1V3K-R,BBG000C4Y9D6
SHNVG7-R,BBG000HCJMF9
DMRWLY-R,BBG000BJ26K7
RYTJNF-R,BBG00RP5HYS8
CYC4Q1-R,BBG000DD3510
KDJSF0-R,BBG000BBL0Y1
Q1BV1X-R,BBG000BV73Y7
GRRFYN-R,BBG000BX3TD3
WFLMHL-R,BBG000BCZYD3
G7VWJD-R,BBG000BQ3F39
T67DJN-R,BBG000BB65D0
DH7WLK-R,BBG000BHD8S7
LC3ZQS-R,BBG000GY7ZR3
CL0BQW-R,BBG000BH5K72
NV79M1-R,BBG000BWCKB6
MXPPFV-R,BBG000CNZC55
SYD3JB-R,BBG000BRZBL1
CHK9QJ-R,BBG000BMDBZ1
G8WDMZ-R,BBG000BBVJZ8
C1Z2B6-R,BBG000BPS2V2
XLY63V-R,BBG000BBBNC6
C239D5-R,BBG000C7WZ16
DF2WYT-R,BBG000R0L5J4
V4RQ7N-R,BBG000BP1152
N96M5T-R,BBG000BK1FD3
VNRHTY-R,BBG000FJJW82
HP58X9-R,BBG000F7RCJ1
SJY281-R,BBG000BLNNH6
J70N5J-R,BBG000BQVTF5
M7439D-R,BBG000BFDLV8
HKLJPC-R,BBG000BQ8KV2
L474X3-R,BBG000BB4WY0
CGGG4R-R,BBG000BPWXK1
WGXV7D-R,BBG000GPXKX9
RJ3WCJ-R,BBG000BJ2VQ6
B4PMRP-R,BBG000BFWKC0
WXGMR7-R,BBG000DLD3J7
C1XRTZ-R,BBG000C0H6Z5
PRGQ6L-R,BBG000BP1Q11
X1RJ5Y-R,BBG000BQ74K1
RBDXWG-R,BBG000PV2L86
B5PHMN-R,BBG000BGPG26
NQTR8Z-R,BBG000BNHSP9
PKY86P-R,BBG000BX3B60
B4L66G-R,BBG000BQT4L6
HHDN6N-R,BBG000BGFLL5
FYMJCN-R,BBG000BHVJJ3
HZ2GNH-R,BBG000BSVL59
W00MKH-R,BBG000BWNFZ9
P8R3C2-R,BBG000BPH459
NNFR4J-R,BBG000CXD6X9
DR9GLS-R,BBG000P2DY26
VNRCPY-R,BBG000DQQPF7
BV3N5V-R,BBG000C46HM9
GC4MKW-R,BBG000BK6G19
Q3VTNZ-R,BBG000FXW512
MMN39J-R,BBG000BSD7C2
RK3HS8-R,BBG000J1QLT0
Q8G78M-R,BBG000L8CBX4
KNB5TK-R,BBG000BV9X97
QVJDSG-R,BBG000BQJW71
K4NMRW-R,BBG000FXJTH8
QCYLZB-R,BBG000BLMZK6
F17SJ1-R,BBG000BB6G37
FW4T5S-R,BBG000BC57B7
F72PJT-R,BBG000BPNP00
N71K8W-R,BBG000BTM0G1
P1X666-R,BBG000BDLLR9
K24537-R,BBG000BKFZM4
MH7TCM-R,BBG000BJF1Z8
LKPWM4-R,BBG000BTQR96
LX237L-R,BBG000BD2NY8
R2J99W-R,BBG000BMY992
CSMTMQ-R,BBG000BWXBC2
XQCN4R-R,BBG000BPMH90
KGQLRN-R,BBG000NC8DB8
CF92SM-R,BBG000BMWHS5
MZZT2L-R,BBG000JXRXK2
P5GYF4-R,BBG000FGKW59
KJX3J0-R,BBG000BRYN54
GTZMXL-R,BBG000BVZGY7
GC9695-R,BBG000BSXQV7
VWF970-R,BBG000BWQFY7
NT38T5-R,BBG000BBDV81
BWZ93Y-R,BBG001B4BV87
TXXC7C-R,BBG000BFYB47
X420K1-R,BBG000BBYZM3
VDT85V-R,BBG000BR3KL6
WKY44Y-R,BBG000BC2V72
NWCQ48-R,BBG000BWPN99
DH6WPM-R,BBG000BTHH16
KMBPNY-R,BBG000BMDZF0
Q78D01-R,BBG000BBD070
CJSZGT-R,BBG000BHPKG0
QQ00XL-R,BBG000BWYFX9
BCD4JF-R,BBG000BJP882
B5P0VB-R,BBG000DQDVN9
BW92P1-R,BBG000FFC0B3
T7GQMM-R,BBG000KP4WB4
PBZ9G4-R,BBG000DWQJ77
JS6B3F-R,BBG000BK5DP1
QJBZ19-R,BBG000BVD6X4
KRQTDT-R,BBG000J2XL74
C5L77G-R,BBG000HZ4DM6
WL1GCY-R,BBG000FQRVM3
HZ6Z7Q-R,BBG000C0G1D1
RZXDWV-R,BBG000BR2TH3
FGWFLP-R,BBG000HSZTC4
FJ4J4C-R,BBG000BHKYH4
T2TNWF-R,BBG000BTVJ25
PPBQBN-R,BBG000BGX601
KDJL0T-R,BBG000BCQ4P6
HF5SX1-R,BBG000C17X76
LHKN8Z-R,BBG000BQ2C28
GQGQ5C-R,BBG000BLW530
K8YRNT-R,BBG000BT0CM2
STW6V4-R,BBG000BMJT68
F07Q7W-R,BBG000H3YXF8
BYNP13-R,BBG000DQTXY6
TWS77D-R,BBG000BHK836
TY1SPJ-R,BBG000BB2PW9
HSF35X-R,BBG000BNNKG9
D3ZY22-R,BBG000BLCPY4
Q4YP8S-R,BBG005CPNTQ2
K7TPSX-R,BBG000BBJQV0
W95M60-R,BBG000BTZP27
CFG1CD-R,BBG000TRJ294
VLHKF9-R,BBG000BSJK37
R4LZTQ-R,BBG000KH8ZX7
NPK7YX-R,BBG000BPXVJ6
C6LYWC-R,BBG000D4HRN3
V2FT79-R,BBG000DYCT67
H7C8QR-R,BBG000BQDJ12
PFD45C-R,BBG000BSS3N3
LKST5W-R,BBG000DWYF03
CRFGHS-R,BBG000FH1799
QWV5DL-R,BBG000BRXP69
WYHB5Z-R,BBG000BF3VN6
JPXNB3-R,BBG00DBBG1M0
DKJ8VM-R,BBG000BS4MP5
VR1F2H-R,BBG000BWBZN1
PHJ2V4-R,BBG000BKTT89
CHKL7S-R,BBG000BNDN65
RMCLL5-R,BBG000BCFHH8
FVD6P4-R,BBG005XR47P5
CMWR7T-R,BBG000DXFRW1
DZ776B-R,BBG000BFJ645
FGW76H-R,BBG000BF6756
BWHWNF-R,BBG000K1BLV1
XD67LR-R,BBG000PV27K3
GRQMJ0-R,BBG000WCFV84
